No,Company Name,Location,Employment,Domestic Investment (RM -Million),Foreign Investment (RM-Million),Total Capital Investment(RM-Million),year,period_type,is_partial_year,source_file,source_sheet,Unnamed: 0,Obs,Name,Total Employment,Domestic Investment (RM Mil),Foreign Investment (RM Mil),Total Capital Investment (RM Mil),Country 1,%,Country 2,%.1,Ultimate Country,Product,Domestic Investment (RM),Foreign Investment (RM),Total Capital Investment (RM),Location (Activity),Activity,No (Projects),Name of Company,Local Employment,Foreign Employment,Total Investment (RM),Sector
1.0,Intel Technology Sdn. Bhd,Kulim High Tech Ind. Park,246.0,0.0,5100.0,5100.0,2019,year,False,Approved Projects Listing In Kedah For The Year 2019 (4).xlsx,Listing,,,,,,,,,,,,,,,,,,,,,,,,
2.0,XSD International Paper Sdn. Bhd.,Padang Serai,1656.0,0.0,2029.0,2029.0,2019,year,False,Approved Projects Listing In Kedah For The Year 2019 (4).xlsx,Listing,,,,,,,,,,,,,,,,,,,,,,,,
3.0,Music Tribe Hi-Tech Electronics Sdn. Bhd,Kulim High Tech Ind. Park,,0.0,1960.0,1960.0,2019,year,False,Approved Projects Listing In Kedah For The Year 2019 (4).xlsx,Listing,,,,,,,,,,,,,,,,,,,,,,,,
4.0,Tijan Galaxy Aerospace Consortium Sdn. Bhd.,Langkawi,38.0,505.0,0.0,505.0,2019,year,False,Approved Projects Listing In Kedah For The Year 2019 (4).xlsx,Listing,,,,,,,,,,,,,,,,,,,,,,,,
5.0,Schaefer Kalk (Malaysia) Sdn. Bhd.,Kuala Ketil IE,,0.0,414.78,414.78,2019,year,False,Approved Projects Listing In Kedah For The Year 2019 (4).xlsx,Listing,,,,,,,,,,,,,,,,,,,,,,,,
6.0,Boustead Langkawi Shipyard Sdn. Bhd.,Langkawi,75.0,100.0,0.0,100.0,2019,year,False,Approved Projects Listing In Kedah For The Year 2019 (4).xlsx,Listing,,,,,,,,,,,,,,,,,,,,,,,,
7.0,Lysa Technology Sdn. Bhd.,Sungai Petani,,,,0.0,2019,year,False,Approved Projects Listing In Kedah For The Year 2019 (4).xlsx,Listing,,,,,,,,,,,,,,,,,,,,,,,,
8.0,Nanwang Pack (M) Sdn. Bhd.,Bedong,108.0,0.0,93.58,93.58,2019,year,False,Approved Projects Listing In Kedah For The Year 2019 (4).xlsx,Listing,,,,,,,,,,,,,,,,,,,,,,,,
9.0,SMT Technologies Sdn. Bhd.,Bakar Arang IE,,,,0.0,2019,year,False,Approved Projects Listing In Kedah For The Year 2019 (4).xlsx,Listing,,,,,,,,,,,,,,,,,,,,,,,,
10.0,SMT Technologies Sdn. Bhd.,Bakar Arang IE,,,,0.0,2019,year,False,Approved Projects Listing In Kedah For The Year 2019 (4).xlsx,Listing,,,,,,,,,,,,,,,,,,,,,,,,
11.0,THI Hardware Trading Sdn. Bhd.,Sungai Petani,57.0,,,39.02,2019,year,False,Approved Projects Listing In Kedah For The Year 2019 (4).xlsx,Listing,,,,,,,,,,,,,,,,,,,,,,,,
12.0,Southern Cable Sdn. Bhd.,Kuala Ketil IE,40.0,,,37.21,2019,year,False,Approved Projects Listing In Kedah For The Year 2019 (4).xlsx,Listing,,,,,,,,,,,,,,,,,,,,,,,,
13.0,Morrissey Assembly Solutions Sdn. Bhd.,Sungai Lalang (MIEL) IE,,,,0.0,2019,year,False,Approved Projects Listing In Kedah For The Year 2019 (4).xlsx,Listing,,,,,,,,,,,,,,,,,,,,,,,,
14.0,Morrissey Assembly Solutions Sdn. Bhd.,Sungai Lalang (MIEL) IE,,,,0.0,2019,year,False,Approved Projects Listing In Kedah For The Year 2019 (4).xlsx,Listing,,,,,,,,,,,,,,,,,,,,,,,,
15.0,TGW Plastic Packaging Sdn. Bhd.,Sungai Petani IE,,,,0.0,2019,year,False,Approved Projects Listing In Kedah For The Year 2019 (4).xlsx,Listing,,,,,,,,,,,,,,,,,,,,,,,,
16.0,SMT Technologies Sdn. Bhd,Bakar Arang IE,,,,0.0,2019,year,False,Approved Projects Listing In Kedah For The Year 2019 (4).xlsx,Listing,,,,,,,,,,,,,,,,,,,,,,,,
17.0,SMT Technologies Sdn. Bhd,Bakar Arang IE,,,,0.0,2019,year,False,Approved Projects Listing In Kedah For The Year 2019 (4).xlsx,Listing,,,,,,,,,,,,,,,,,,,,,,,,
18.0,SMT Technologies Sdn. Bhd.,Bakar Arang IE,,,,0.0,2019,year,False,Approved Projects Listing In Kedah For The Year 2019 (4).xlsx,Listing,,,,,,,,,,,,,,,,,,,,,,,,
19.0,SMT Technologies Sdn. Bhd.,Bakar Arang IE,,,,0.0,2019,year,False,Approved Projects Listing In Kedah For The Year 2019 (4).xlsx,Listing,,,,,,,,,,,,,,,,,,,,,,,,
20.0,Morris Innovation Sdn Bhd,Sungai Petani IE,,,,0.0,2019,year,False,Approved Projects Listing In Kedah For The Year 2019 (4).xlsx,Listing,,,,,,,,,,,,,,,,,,,,,,,,
21.0,Best Staples Sdn. Bhd.,Kulim IE,96.0,0.0,18.59,18.59,2019,year,False,Approved Projects Listing In Kedah For The Year 2019 (4).xlsx,Listing,,,,,,,,,,,,,,,,,,,,,,,,
22.0,Platinum Phase Sdn. Bhd.,Taman Ria Jaya Light IE,27.0,17.88,0.0,17.88,2019,year,False,Approved Projects Listing In Kedah For The Year 2019 (4).xlsx,Listing,,,,,,,,,,,,,,,,,,,,,,,,
23.0,Grey Matter Plastic Industries Sdn. Bhd.,Bakar Arang IE,65.0,,,16.75,2019,year,False,Approved Projects Listing In Kedah For The Year 2019 (4).xlsx,Listing,,,,,,,,,,,,,,,,,,,,,,,,
24.0,Magic Paper Products Sdn Bhd,Sungai Petani IE,,,,0.0,2019,year,False,Approved Projects Listing In Kedah For The Year 2019 (4).xlsx,Listing,,,,,,,,,,,,,,,,,,,,,,,,
25.0,Platinum Phase Sdn. Bhd.,Sungai Petani,,,,0.0,2019,year,False,Approved Projects Listing In Kedah For The Year 2019 (4).xlsx,Listing,,,,,,,,,,,,,,,,,,,,,,,,
26.0,Swiss Lab Biotech Sdn Bhd,Alor Star,125.0,14.87,0.0,14.87,2019,year,False,Approved Projects Listing In Kedah For The Year 2019 (4).xlsx,Listing,,,,,,,,,,,,,,,,,,,,,,,,
27.0,Swift Bridge Technologies (M) Sdn. Bhd.,Sungai Petani IE,18.0,,,13.61,2019,year,False,Approved Projects Listing In Kedah For The Year 2019 (4).xlsx,Listing,,,,,,,,,,,,,,,,,,,,,,,,
28.0,Auto Parts Manufacturers Co. Sdn. Bhd.,Padang Meha IE,57.0,11.27,0.98,12.25,2019,year,False,Approved Projects Listing In Kedah For The Year 2019 (4).xlsx,Listing,,,,,,,,,,,,,,,,,,,,,,,,
29.0,Ari Utara Sdn. Bhd.,Bukit Makmur Ind. Park,25.0,11.95,0.0,11.95,2019,year,False,Approved Projects Listing In Kedah For The Year 2019 (4).xlsx,Listing,,,,,,,,,,,,,,,,,,,,,,,,
30.0,Hwa Eik Trading (Kedah) Sdn. Bhd.,Kepala Batas,7.0,11.26,0.0,11.26,2019,year,False,Approved Projects Listing In Kedah For The Year 2019 (4).xlsx,Listing,,,,,,,,,,,,,,,,,,,,,,,,
31.0,Resstone Manufacturing Sdn. Bhd.,Bakar Arang IE,,,,55.0,2019,year,False,Approved Projects Listing In Kedah For The Year 2019 (4).xlsx,Listing,,,,,,,,,,,,,,,,,,,,,,,,
32.0,Sundesk Venture Sdn Bhd,Sungai Petani IE,,,,0.0,2019,year,False,Approved Projects Listing In Kedah For The Year 2019 (4).xlsx,Listing,,,,,,,,,,,,,,,,,,,,,,,,
33.0,Frisian Biosciences Sdn. Bhd,Kulim High Tech Ind. Park,28.0,,,10.0,2019,year,False,Approved Projects Listing In Kedah For The Year 2019 (4).xlsx,Listing,,,,,,,,,,,,,,,,,,,,,,,,
34.0,Dinxings (M) Sdn. Bhd.,Yan,100.0,9.22,0.0,9.22,2019,year,False,Approved Projects Listing In Kedah For The Year 2019 (4).xlsx,Listing,,,,,,,,,,,,,,,,,,,,,,,,
35.0,Vital Scale Sdn. Bhd.,Sungai Petani,,,,0.0,2019,year,False,Approved Projects Listing In Kedah For The Year 2019 (4).xlsx,Listing,,,,,,,,,,,,,,,,,,,,,,,,
36.0,TJL Marine Sdn Bhd,Gurun IE,15.0,9.06,0.0,9.06,2019,year,False,Approved Projects Listing In Kedah For The Year 2019 (4).xlsx,Listing,,,,,,,,,,,,,,,,,,,,,,,,
37.0,Rico Food Industries Sdn. Bhd.,Lunas,32.0,8.9,0.0,8.9,2019,year,False,Approved Projects Listing In Kedah For The Year 2019 (4).xlsx,Listing,,,,,,,,,,,,,,,,,,,,,,,,
38.0,Jache Sdn. Bhd.,Kulim High Tech Ind. Park,,,,0.0,2019,year,False,Approved Projects Listing In Kedah For The Year 2019 (4).xlsx,Listing,,,,,,,,,,,,,,,,,,,,,,,,
39.0,KIJ Excellence Titanium Sdn. Bhd.,Tikam Batu IE,30.0,7.32,0.0,7.32,2019,year,False,Approved Projects Listing In Kedah For The Year 2019 (4).xlsx,Listing,,,,,,,,,,,,,,,,,,,,,,,,
40.0,SM Biomed Sdn. Bhd.,Sungai Petani IE,,,,0.0,2019,year,False,Approved Projects Listing In Kedah For The Year 2019 (4).xlsx,Listing,,,,,,,,,,,,,,,,,,,,,,,,
41.0,Hoe Heng Engineering Sdn. Bhd.,Mergong Barrage  IE,106.0,5.7,0.0,5.7,2019,year,False,Approved Projects Listing In Kedah For The Year 2019 (4).xlsx,Listing,,,,,,,,,,,,,,,,,,,,,,,,
42.0,Supercomal Medical Products Sdn.Bhd.,Sungai Petani IE,,,,0.0,2019,year,False,Approved Projects Listing In Kedah For The Year 2019 (4).xlsx,Listing,,,,,,,,,,,,,,,,,,,,,,,,
43.0,Platinum Phase Sdn. Bhd.,Sungai Petani,40.0,,,4.99,2019,year,False,Approved Projects Listing In Kedah For The Year 2019 (4).xlsx,Listing,,,,,,,,,,,,,,,,,,,,,,,,
44.0,Nextol Polymer Sdn. Bhd.,Sungai Petani,27.0,,,4.67,2019,year,False,Approved Projects Listing In Kedah For The Year 2019 (4).xlsx,Listing,,,,,,,,,,,,,,,,,,,,,,,,
45.0,Hua Chang Timber Products Sdn. Bhd.,Bakar Arang IE,,,,0.0,2019,year,False,Approved Projects Listing In Kedah For The Year 2019 (4).xlsx,Listing,,,,,,,,,,,,,,,,,,,,,,,,
46.0,Silcotech Industry Sdn. Bhd.,Sungai Lalang (MIEL) IE,,,,0.0,2019,year,False,Approved Projects Listing In Kedah For The Year 2019 (4).xlsx,Listing,,,,,,,,,,,,,,,,,,,,,,,,
47.0,Green World Environmental Sdn Bhd,Taman Makmur IE,30.0,3.05,0.0,3.05,2019,year,False,Approved Projects Listing In Kedah For The Year 2019 (4).xlsx,Listing,,,,,,,,,,,,,,,,,,,,,,,,
48.0,Feiti (M) Sdn. Bhd.,Bakar Arang IE,0.0,,,1.16,2019,year,False,Approved Projects Listing In Kedah For The Year 2019 (4).xlsx,Listing,,,,,,,,,,,,,,,,,,,,,,,,
49.0,C.N.A Manufacturing Sdn. Bhd.,Gurun IE,18.0,0.0,1.11,1.11,2019,year,False,Approved Projects Listing In Kedah For The Year 2019 (4).xlsx,Listing,,,,,,,,,,,,,,,,,,,,,,,,
50.0,Perusahaan Sindi Sdn. Bhd.,Sungai Petani,,,,0.0,2019,year,False,Approved Projects Listing In Kedah For The Year 2019 (4).xlsx,Listing,,,,,,,,,,,,,,,,,,,,,,,,
51.0,Press Metal Engineering Sdn. Bhd.,Sungai Petani,,,,0.0,2019,year,False,Approved Projects Listing In Kedah For The Year 2019 (4).xlsx,Listing,,,,,,,,,,,,,,,,,,,,,,,,
52.0,SMT Technologies Sdn. Bhd.,Bakar Arang IE,,,,0.0,2019,year,False,Approved Projects Listing In Kedah For The Year 2019 (4).xlsx,Listing,,,,,,,,,,,,,,,,,,,,,,,,
53.0,SMT Technologies Sdn. Bhd.,Bakar Arang IE,,,,0.0,2019,year,False,Approved Projects Listing In Kedah For The Year 2019 (4).xlsx,Listing,,,,,,,,,,,,,,,,,,,,,,,,
54.0,XSD International Paper Sdn. Bhd.,Padang Serai,0.0,0.0,0.0,0.0,2019,year,False,Approved Projects Listing In Kedah For The Year 2019 (4).xlsx,Listing,,,,,,,,,,,,,,,,,,,,,,,,
,,,5176.0,3390.93,8085.95,11476.88,2019,year,False,Approved Projects Listing In Kedah For The Year 2019 (4).xlsx,Listing,,,,,,,,,,,,,,,,,,,,,,,,
,,Kulim High Tech Ind. Park,,,,,2021,year,False,Project Listing In Kedah 2021 (4).xlsx,Manf Listing,,1.0,Risen Solar Technology Sdn. Bhd.,12733.0,385.89,65833.42,66219.31,Singapore,100,.,.,The People’s Republic of China,"Design, development and manufacturing of solar module and solar cell",,,,,,,,,,,
,,Kulim High Tech Ind. Park,,,,,2021,year,False,Project Listing In Kedah 2021 (4).xlsx,Manf Listing,,2.0,AT & S Austria Technologies & Systemtechnik (Malaysia) Sdn.,,,,,Austria,100,.,.,Austria,IC substrates,,,,,,,,,,,
,,Kulim High Tech Ind. Park,,,,,2021,year,False,Project Listing In Kedah 2021 (4).xlsx,Manf Listing,,3.0,Infineon Technologies (Kulim) Sdn. Bhd.,,,,,Austria,100,.,.,Germany,Wafer fabrication of wide bandgap technologies (6'and/or 8') Silicon Carbide (SiC) and Gallium Nitride (GaN) wafer,,,,,,,,,,,
,,Kulim High Tech Ind. Park,,,,,2021,year,False,Project Listing In Kedah 2021 (4).xlsx,Manf Listing,,4.0,Menicon Malaysia Sdn. Bhd.,,,,,Japan,100,.,.,Japan,Contact lenses,,,,,,,,,,,
,,Kulim High Tech Ind. Park,,,,,2021,year,False,Project Listing In Kedah 2021 (4).xlsx,Manf Listing,,5.0,Becquer Energy Private Limited,,,,,Singapore,100,.,.,Singapore,Solar wafers and ingots,,,,,,,,,,,
,,Kulim High Tech Ind. Park,,,,,2021,year,False,Project Listing In Kedah 2021 (4).xlsx,Manf Listing,,6.0,Fuji Electric (Malaysia) Sdn. Bhd.,,,,,Japan,100,.,.,Japan,Wafer fabrication (8 inch),,,,,,,,,,,
,,Bakar Arang IE,,,,,2021,year,False,Project Listing In Kedah 2021 (4).xlsx,Manf Listing,,7.0,Hong Seng Gloves Sdn. Bhd.,,,,,.,.,.,.,.,Nitrile disposable examination glove,,,,,,,,,,,
,,Bakar Arang IE,,,,,2021,year,False,Project Listing In Kedah 2021 (4).xlsx,Manf Listing,,8.0,Payer Industries Malaysia Sdn. Bhd.,,,,,Austria,100,.,.,Austria,"Electric hair removal device, accessories and attachments (head combs and nose trimmers)",,,,,,,,,,,
,,Sungai Petani,,,,,2021,year,False,Project Listing In Kedah 2021 (4).xlsx,Manf Listing,,9.0,Munzing Malaysia Sdn. Bhd.,,,,,Germany,100,.,.,Germany,"Rheology modifiers, defoamers, dispersing agents, wetting & levelling agents and wax",,,,,,,,,,,
,,Kulim IE,,,,,2021,year,False,Project Listing In Kedah 2021 (4).xlsx,Manf Listing,,10.0,Mace Hermatic Components Sdn. Bhd.,,,,,USA,15,Germany,10,USA,"Hermetic glass-to-metal sealed headers,packages,connectors, endseals,terminal & covers",,,,,,,,,,,
,,Kuala Muda,,,,,2021,year,False,Project Listing In Kedah 2021 (4).xlsx,Manf Listing,,11.0,Evergreenergy Resources Trading (M) Sdn. Bhd.,,,,,.,.,.,.,.,Manufacturing and trading of refined palm oils for industrial usage in Biodiesel and HVO plants,,,,,,,,,,,
,,Sungai Petani IE,,,,,2021,year,False,Project Listing In Kedah 2021 (4).xlsx,Manf Listing,,12.0,Technology PP Industries (Northern) Sdn. Bhd.,,,,,The People’s Republic of China,55.71,"Hong Kong SAR, China",44.29,"Hong Kong SAR, China",Recycled plastic pellets,,,,,,,,,,,
,,Padang Meha IE,,,,,2021,year,False,Project Listing In Kedah 2021 (4).xlsx,Manf Listing,,13.0,SP Mega Mineral Sdn. Bhd.,,,,,.,.,.,.,.,Zinc ingot from zinc oxide,,,,,,,,,,,
,,Sungai Petani,,,,,2021,year,False,Project Listing In Kedah 2021 (4).xlsx,Manf Listing,,14.0,Os-Tec (M) Sdn. Bhd.,,,,,Japan,100,.,.,Japan,Die-casted parts,,,,,,,,,,,
,,Bedong,,,,,2021,year,False,Project Listing In Kedah 2021 (4).xlsx,Manf Listing,,15.0,Jumbo Global Industries Sdn. Bhd.,,,,,.,.,.,.,.,"Fishball & fishcake,kuey teow, laksa,noodles,tempe, tofu",,,,,,,,,,,
,,Sungai Petani IE,,,,,2021,year,False,Project Listing In Kedah 2021 (4).xlsx,Manf Listing,,16.0,Kiyamas Chemical Sdn. Bhd.,,,,,.,.,.,.,.,Chemicals for electronics industry and cleaning and sanitization chemical products,,,,,,,,,,,
,,Taman Makmur IE,,,,,2021,year,False,Project Listing In Kedah 2021 (4).xlsx,Manf Listing,,17.0,Precise Harvest Sdn. Bhd.,,,,,.,.,.,.,.,"Plastic tank, high purity chemicals processing tank and fabricated PP products",,,,,,,,,,,
,,Kulim,,,,,2021,year,False,Project Listing In Kedah 2021 (4).xlsx,Manf Listing,,18.0,Coraza Systems Malaysia Sdn. Bhd.,,,,,.,.,.,.,.,Fabricated metal products,,,,,,,,,,,
,,Sungai Petani,,,,,2021,year,False,Project Listing In Kedah 2021 (4).xlsx,Manf Listing,,19.0,Solid Precision Engineering Sdn. Bhd.,,,,,.,.,.,.,.,Metal parts and components and mechanical assemblies,,,,,,,,,,,
,,Langkawi,,,,,2021,year,False,Project Listing In Kedah 2021 (4).xlsx,Manf Listing,,20.0,MC Gemilang (Natural Water) Sdn. Bhd.,,,,,.,.,.,.,.,Mineral water,,,,,,,,,,,
,,Kuala Muda,,,,,2021,year,False,Project Listing In Kedah 2021 (4).xlsx,Manf Listing,,21.0,Vital Heat Treatment Sdn. Bhd.,,,,,Taipei,75,.,.,Taipei,Metal heat treatment,,,,,,,,,,,
,,Kulim IE,,,,,2021,year,False,Project Listing In Kedah 2021 (4).xlsx,Manf Listing,,22.0,ABH Mega Sdn. Bhd.,,,,,.,.,.,.,.,NPK organic fertilizer and foliar fertilizer,,,,,,,,,,,
,,Bakar Arang IE,,,,,2021,year,False,Project Listing In Kedah 2021 (4).xlsx,Manf Listing,,23.0,Voltron Malaysia Sdn. Bhd.,,,,,.,.,.,.,.,Electric pedal assisted bicycle,,,,,,,,,,,
,,Lunas,,,,,2021,year,False,Project Listing In Kedah 2021 (4).xlsx,Manf Listing,,24.0,CSH Green Resources Sdn. Bhd.,,,,,.,.,.,.,.,Recycled plastic resin,,,,,,,,,,,
,,Kulim High Tech Ind. Park,,,,,2021,year,False,Project Listing In Kedah 2021 (4).xlsx,Manf Listing,,25.0,Pfeiffer Vacuum Malaysia Sdn. Bhd.,,,,,Germany,100,.,.,Germany,Remanufacturing of vacuum pumps,,,,,,,,,,,
,,Sungai Petani IE,,,,,2021,year,False,Project Listing In Kedah 2021 (4).xlsx,Manf Listing,,26.0,Supercomal Advanced Cables Sdn. Bhd.,,,,,.,.,.,.,.,Tank and filler neck assembly for vehicle,,,,,,,,,,,
,,Kulim IE,,,,,2021,year,False,Project Listing In Kedah 2021 (4).xlsx,Manf Listing,,27.0,Plasticycle Industries Sdn. Bhd.,,,,,.,.,.,.,.,Recycled polyethylene resin,,,,,,,,,,,
,,Jitra,,,,,2021,year,False,Project Listing In Kedah 2021 (4).xlsx,Manf Listing,,28.0,Kencana Biotech Sdn. Bhd.,,,,,.,.,.,.,.,Food supplement and beverage premix,,,,,,,,,,,
,,Sungai Lalang (MIEL) IE,,,,,2021,year,False,Project Listing In Kedah 2021 (4).xlsx,Manf Listing,,29.0,Silcotech Industry Sdn. Bhd.,,,,,.,.,.,.,.,Rubber seal,,,,,,,,,,,
,,Kulim,,,,,2021,year,False,Project Listing In Kedah 2021 (4).xlsx,Manf Listing,,30.0,SCM Industries Malaysia Sdn. Bhd.,,,,,.,.,.,.,.,"Automotive module and components (front bumper,rear- bumper,spoiler,hydraulic unit)",,,,,,,,,,,
,,Lunas,,,,,2021,year,False,Project Listing In Kedah 2021 (4).xlsx,Manf Listing,,31.0,Hiang Kee Industries Sdn. Bhd.,,,,,.,.,.,.,.,Vegetarian products,,,,,,,,,,,
,,Jeniang IE,,,,,2021,year,False,Project Listing In Kedah 2021 (4).xlsx,Manf Listing,,32.0,Ambang Dorongan Sdn. Bhd.,,,,,.,.,.,.,.,Frozen pre-packed food,,,,,,,,,,,
,,Kulim,,,,,2021,year,False,Project Listing In Kedah 2021 (4).xlsx,Manf Listing,,33.0,Bumimaju Industries Sdn. Bhd.,,,,,.,.,.,.,.,Recycling of plastic waste to produce recycled plastic resin and plastic products,,,,,,,,,,,
,,Kulim,,,,,2021,year,False,Project Listing In Kedah 2021 (4).xlsx,Manf Listing,,34.0,Fosca Sdn. Bhd.,,,,,.,.,.,.,.,"Bonding machine, chip module punch machine, cutter machine, embedding machine, inlay manufacturing machine pick and place machine, potting machine and wire implanter machine",,,,,,,,,,,
,,Sungai Lalang (MIEL) IE,,,,,2021,year,False,Project Listing In Kedah 2021 (4).xlsx,Manf Listing,,35.0,Silcotech Industry Sdn. Bhd.,,,,,.,.,.,.,.,Rubber sleeve and rubber seal,,,,,,,,,,,
,,Gurun IE,,,,,2021,year,False,Project Listing In Kedah 2021 (4).xlsx,Manf Listing,,36.0,United Copper Industry Sdn. Bhd.,,,,,.,.,.,.,.,Copper ingots from copper granules/chips and Copper anode from copper granules/chips,,,,,,,,,,,
,,Sungai Petani IE,,,,,2021,year,False,Project Listing In Kedah 2021 (4).xlsx,Manf Listing,,37.0,Laser Compo Sdn. Bhd.,,,,,.,.,.,.,.,Parts and components for furniture,,,,,,,,,,,
,,Kuala Ketil IE,,,,,2021,year,False,Project Listing In Kedah 2021 (4).xlsx,Manf Listing,,38.0,Ryco Hydraulics Sdn. Bhd.,,,,,Australia,100,.,.,.,Hydraulic rubber hose with assembly parts,,,,,,,,,,,
,,Sungai Petani IE,,,,,2021,year,False,Project Listing In Kedah 2021 (4).xlsx,Manf Listing,,39.0,Bioplus Industries Sdn. Bhd.,,,,,.,.,.,.,.,Calcium carbonate masterbatch and white masterbatch,,,,,,,,,,,
,,Sungai Petani IE,,,,,2021,year,False,Project Listing In Kedah 2021 (4).xlsx,Manf Listing,,40.0,SM Biomed Sdn. Bhd.,,,,,India,96.67,.,.,.,Tramadol,,,,,,,,,,,
,,Bakar Arang IE,,,,,2021,year,False,Project Listing In Kedah 2021 (4).xlsx,Manf Listing,,41.0,SMT Technologies Sdn. Bhd.,,,,,Others,0.3,.,.,.,LED lighting,,,,,,,,,,,
,,Lunas,,,,,2021,year,False,Project Listing In Kedah 2021 (4).xlsx,Manf Listing,,42.0,Omnimetric Technologies Sdn. Bhd.,,,,,Singapore,100,.,.,.,"Ribbons, cartridges, film and office consumables",,,,,,,,,,,
,,Kulim IE,,,,,2021,year,False,Project Listing In Kedah 2021 (4).xlsx,Manf Listing,,43.0,PPH Printing & Packaging (Kulim) Sdn. Bhd.,,,,,.,.,.,.,.,"Display boxes & gift, corrugated cartons, labels and stickers",,,,,,,,,,,
,,Kuala Ketil IE,,,,,2021,year,False,Project Listing In Kedah 2021 (4).xlsx,Manf Listing,,44.0,Southern Cable Sdn. Bhd.,,,,,.,.,.,.,.,PV photovoltaic cables,,,,,,,,,,,
,,Kuala Ketil IE,,,,,2021,year,False,Project Listing In Kedah 2021 (4).xlsx,Manf Listing,,45.0,Southern Cable Sdn. Bhd.,,,,,.,.,.,.,.,PV photovoltaic cables,,,,,,,,,,,
,,Kuala Ketil IE,,,,,2021,year,False,Project Listing In Kedah 2021 (4).xlsx,Manf Listing,,46.0,Southern Cable Sdn. Bhd.,,,,,.,.,.,.,.,PV photovoltaic cables,,,,,,,,,,,
,,Kuala Ketil IE,,,,,2021,year,False,Project Listing In Kedah 2021 (4).xlsx,Manf Listing,,47.0,Southern Cable Sdn. Bhd.,,,,,.,.,.,.,.,PV photovoltaic cables,,,,,,,,,,,
,,Kulim High Tech Ind. Park,,,,,2021,year,False,Project Listing In Kedah 2021 (4).xlsx,Manf Listing,,48.0,Nextglass Technologies Sdn. Bhd.,,,,,USA,49,.,.,USA,"Barrier film,conductive film, electrochromic film,Polymer Dispersed Liquid Crystal Film (PDLC)",,,,,,,,,,,
,,,,,,,2021,year,False,Project Listing In Kedah 2021 (4).xlsx,Services Listing,,1.0,Solarpack Suria Sungai Petani Sdn. Bhd.,24.0,,,,Spain,49.0,,,,,461.36,179.31,640.67,Sungai Petani,Renewable energy (business) using solar,,,,,,
,,,,,,,2021,year,False,Project Listing In Kedah 2021 (4).xlsx,Services Listing,,2.0,Viva Solar Sdn. Bhd.,,,,,,,,,,,,,,Sik,Renewable energy (business) using solar,,,,,,
,,,,,,,2021,year,False,Project Listing In Kedah 2021 (4).xlsx,Services Listing,,3.0,Great Realty Sdn. Bhd.,,,,,,,,,,,,,,Alor Star,Renewable energy (own consumption/use) using solar,,,,,,
,,,,,,,2021,year,False,Project Listing In Kedah 2021 (4).xlsx,Services Listing,,4.0,Puncak Seloka Sdn. Bhd.,,,,,,,,,,,,,,Sungai Petani,Renewable energy (own consumption/use) using solar,,,,,,
,,,,,,,2021,year,False,Project Listing In Kedah 2021 (4).xlsx,Services Listing,,5.0,TGW Plastic Packaging Sdn. Bhd.,,,,,"Hong Kong SAR, China",49.0,,,,,,,,Sungai Petani,Renewable energy (own consumption/use) using solar,,,,,,
,,,,,,,2021,year,False,Project Listing In Kedah 2021 (4).xlsx,Services Listing,,6.0,C-Mart 4 Sdn. Bhd.,,,,,,,,,,,,,,Jitra,Renewable energy (own consumption/use) using solar,,,,,,
,,,,,,,2021,year,False,Project Listing In Kedah 2021 (4).xlsx,Services Listing,,7.0,Jabi Rice Mill Sdn. Bhd.,,,,,,,,,,,,,,Pokok Sena,Renewable energy (own consumption/use) using solar,,,,,,
,,,,,,,2021,year,False,Project Listing In Kedah 2021 (4).xlsx,Services Listing,,8.0,Jabi Rice Mill Sdn. Bhd.,,,,,,,,,,,,,,Pokok Sena,Renewable energy (own consumption/use) using solar,,,,,,
,,,,,,,2021,year,False,Project Listing In Kedah 2021 (4).xlsx,Services Listing,,9.0,Kentra Hardware Sdn. Bhd.,,,,,,,,,,,,,,Sungai Petani,Renewable energy (own consumption/use) using solar,,,,,,
,,,,,,,2021,year,False,Project Listing In Kedah 2021 (4).xlsx,Services Listing,,10.0,Sin Mah Engineering Sdn. Bhd.,,,,,,,,,,,,,,Alor Star,Renewable energy (own consumption/use) using solar,,,,,,
,,,,,,,2021,year,False,Project Listing In Kedah 2021 (4).xlsx,Services Listing,,11.0,The Laryngeal Mask Company (M) Sdn. Bhd.,,,,,Netherlands,100.0,,,,,,,,Kulim High Tech Ind. Park,Renewable energy (own consumption/use) using solar,,,,,,
,,,,,,,2021,year,False,Project Listing In Kedah 2021 (4).xlsx,Services Listing,,12.0,Southern Cable Sdn. Bhd.,,,,,,,,,,,,,,Kuala Ketil,Renewable energy (own consumption/use) using solar,,,,,,
,,,,,,,2021,year,False,Project Listing In Kedah 2021 (4).xlsx,Services Listing,,13.0,OEL Distribution (Kedah) Sdn. Bhd.,,,,,,,,,,,,,,Alor Star,Renewable energy (own consumption/use) using solar,,,,,,
,,,,,,,2021,year,False,Project Listing In Kedah 2021 (4).xlsx,Services Listing,,14.0,MDC Precast Industries Sdn. Bhd.,,,,,,,,,,,,,,Sungai Petani,Renewable energy (own consumption/use) using solar,,,,,,
,,,,,,,2021,year,False,Project Listing In Kedah 2021 (4).xlsx,Services Listing,,15.0,MDC Precast Industries Sdn. Bhd.,,,,,,,,,,,,,,Sungai Petani,Renewable energy (own consumption/use) using solar,,,,,,
,,,,,,,2021,year,False,Project Listing In Kedah 2021 (4).xlsx,Services Listing,,16.0,Keluarga Kreatif Jati Sdn. Bhd.,,,,,,,,,,,,,,Alor Star,Renewable energy (own consumption/use) using solar,,,,,,
,,,,,,,2021,year,False,Project Listing In Kedah 2021 (4).xlsx,Services Listing,,17.0,Richter Rubber Technology Sdn. Bhd.,,,,,Germany,68.5,Mexico,31.5,,,,,,Kuala Ketil,Renewable energy (own consumption/use) using solar,,,,,,
,,,,,,,2021,year,False,Project Listing In Kedah 2021 (4).xlsx,Services Listing,,18.0,C-Mart (Changlun) Sdn. Bhd.,,,,,,,,,,,,,,Other Areas,Renewable energy (own consumption/use) using solar,,,,,,
,,,,,,,2021,year,False,Project Listing In Kedah 2021 (4).xlsx,Services Listing,,19.0,Yongta Steel Industries Sdn. Bhd.,,,,,,,,,,,,,,Taman Ria Jaya Light IE,Renewable energy (own consumption/use) using solar,,,,,,
,,,,,,,2021,year,False,Project Listing In Kedah 2021 (4).xlsx,Services Listing,,20.0,Lee Motors SP (Car-Div) Sdn. Bhd.,,,,,,,,,,,,,,Sungai Petani IE,Renewable energy (own consumption/use) using solar,,,,,,
,,,,,,,2021,year,False,Project Listing In Kedah 2021 (4).xlsx,Services Listing,,21.0,Kilang Beras Bukit Pinang Sendirian Berhad,,,,,,,,,,,,,,Gurun,Renewable energy (own consumption/use) using solar,,,,,,
,,,,,,,2021,year,False,Project Listing In Kedah 2021 (4).xlsx,Services Listing,,22.0,Econsave Cash & Carry (BPJ) Sdn. Bhd.,,,,,,,,,,,,,,Sungai Petani,Renewable energy (own consumption/use) using solar,,,,,,
,,,,,,,2021,year,False,Project Listing In Kedah 2021 (4).xlsx,Services Listing,,23.0,Kilang Beras Othman Jusoh Bersaudara (M) Sdn. Bhd.,,,,,,,,,,,,,,Jitra,Renewable energy (own consumption/use) using solar,,,,,,
,,,,,,,2021,year,False,Project Listing In Kedah 2021 (4).xlsx,Services Listing,,24.0,Respack Manufacturing Sdn. Bhd.,,,,,Australia,40.0,,,,,,,,Bakar Arang IE,Renewable energy (own consumption/use) using solar,,,,,,
,,,,,,,2021,year,False,Project Listing In Kedah 2021 (4).xlsx,Services Listing,,25.0,Respack Manufacturing Sdn. Bhd.,,,,,Australia,40.0,,,,,,,,Bakar Arang IE,Renewable energy (own consumption/use) using solar,,,,,,
,,,,,,,2021,year,False,Project Listing In Kedah 2021 (4).xlsx,Services Listing,,26.0,Unicolour Polymer Technology Sdn. Bhd.,,,,,,,,,,,,,,Sungai Petani IE,Renewable energy (own consumption/use) using solar,,,,,,
,,,,,,,2021,year,False,Project Listing In Kedah 2021 (4).xlsx,Services Listing,,27.0,Southern Cable Sdn. Bhd.,,,,,,,,,,,,,,Kuala Ketil,Renewable energy (own consumption/use) using solar,,,,,,
,,,,,,,2021,year,False,Project Listing In Kedah 2021 (4).xlsx,Services Listing,,28.0,Southern Cable Sdn. Bhd.,,,,,,,,,,,,,,Kuala Ketil,Renewable energy (own consumption/use) using solar,,,,,,
,,,,,,,2021,year,False,Project Listing In Kedah 2021 (4).xlsx,Services Listing,,29.0,Southern Cable Sdn. Bhd.,,,,,,,,,,,,,,Kuala Ketil,Renewable energy (own consumption/use) using solar,,,,,,
,,,,,,,2021,year,False,Project Listing In Kedah 2021 (4).xlsx,Services Listing,,30.0,Lita Finemesh Industries Sdn. Bhd.,,,,,,,,,,,,,,Sungai Petani IE,Renewable energy (own consumption/use) using solar,,,,,,
,,,,,,,2021,year,False,Project Listing In Kedah 2021 (4).xlsx,Services Listing,,31.0,NP Leakless (M) Sdn. Bhd.,,,,,Japan,40.0,,,,,,,,Mergong Barrage IE,Renewable energy solar (own consumption/use),,,,,,
,,,,,,,2021,year,False,Project Listing In Kedah 2021 (4).xlsx,Services Listing,,34.0,Syarikat Thong Guan Trading Sdn. Bhd.,,,,,,,,,,,,,,Bedong,Renewable energy (own consumption/use) using solar,,,,,,
,,,,,,,2021,year,False,Project Listing In Kedah 2021 (4).xlsx,Services Listing,,33.0,Oxford Bond Sdn. Bhd.,,,,,Singapore,16.0,,,,,,,,Sungai Petani,Renewable energy (own consumption/use) using solar,,,,,,
,,,,,,,2021,year,False,Project Listing In Kedah 2021 (4).xlsx,Services Listing,,34.0,Econsave Cash & Carry (PS) Sdn. Bhd.,,,,,,,,,,,,,,Pokok Sena,Renewable energy (own consumption/use) using solar,,,,,,
,,,,,,,2021,year,False,Project Listing In Kedah 2021 (4).xlsx,Services Listing,,35.0,Sinweng Weei Furniture Sdn. Bhd.,,,,,,,,,,,,,,Kepala Batas,Renewable energy (own consumption/use) using solar,,,,,,
,,,,,,,2021,year,False,Project Listing In Kedah 2021 (4).xlsx,Services Listing,,36.0,Econsave Cash & Carry (TPJ) Sdn. Bhd.,,,,,,,,,,,,,,Sungai Petani,Renewable energy (own consumption/use) using solar,,,,,,
,,,,,,,2021,year,False,Project Listing In Kedah 2021 (4).xlsx,Services Listing,,37.0,2K Petrol Station Sdn. Bhd.,,,,,,,,,,,,,,Kuala Ketil,Renewable energy (own consumption/use) using solar,,,,,,
,,,,,,,2021,year,False,Project Listing In Kedah 2021 (4).xlsx,Services Listing,,38.0,Classy Glory Furniture Sdn. Bhd.,,,,,,,,,,,,,,Alor Star,Renewable energy (own consumption/use) using solar,,,,,,
,,,,,,,2021,year,False,Project Listing In Kedah 2021 (4).xlsx,Services Listing,,39.0,Umax Plastic Industries Sdn. Bhd.,,,,,,,,,,,,,,Sungai Lalang (MIEL) IE,Renewable energy (own consumption/use) using solar,,,,,,
,,,,,,,2021,year,False,Project Listing In Kedah 2021 (4).xlsx,Services Listing,,40.0,Kyodo Steel Sdn. Bhd.,,,,,,,,,,,,,,Sungai Petani,Renewable energy (own consumption/use) using solar,,,,,,
,,,,,,,2021,year,False,Project Listing In Kedah 2021 (4).xlsx,Services Listing,,41.0,Mercu Usaha Mesra Corporation Sdn. Bhd.,,,,,,,,,,,,,,Sungai Petani,Renewable energy (own consumption/use) using solar,,,,,,
,,,,,,,2021,year,False,Project Listing In Kedah 2021 (4).xlsx,Services Listing,,42.0,Super Plastic Industries Sdn. Bhd.,,,,,,,,,,,,,,Sungai Petani,Renewable energy (own consumption/use) using solar,,,,,,
,,,,,,,2021,year,False,Project Listing In Kedah 2021 (4).xlsx,Services Listing,,43.0,Amindo Packaging Industries Sdn. Bhd.,,,,,Taipei,100.0,,,,,,,,Kulim,Renewable energy (own consumption/use) using solar,,,,,,
,,,,,,,2021,year,False,Project Listing In Kedah 2021 (4).xlsx,Services Listing,,44.0,GHT Engineering Sdn. Bhd.,,,,,,,,,,,,,,Sungai Petani,Renewable energy (own consumption/use) using solar,,,,,,
,,,,,,,2021,year,False,Project Listing In Kedah 2021 (4).xlsx,Services Listing,,45.0,Sri Nerang Sdn. Bhd.,,,,,,,,,,,,,,Kuala Nerang,Renewable energy (own consumption/use) using solar,,,,,,
,,,,,,,2021,year,False,Project Listing In Kedah 2021 (4).xlsx,Services Listing,,46.0,Petrola Trading (Bedong) Sdn. Bhd.,,,,,,,,,,,,,,Bedong,Renewable energy (own consumption/use) using solar,,,,,,
,,,,,,,2021,year,False,Project Listing In Kedah 2021 (4).xlsx,Services Listing,,47.0,Ayam Mega Sdn. Bhd.,,,,,,,,,,,,,,Kulim,Renewable energy (own consumption/use) using solar,,,,,,
,,,,,,,2021,year,False,Project Listing In Kedah 2021 (4).xlsx,Services Listing,,48.0,Ayam Mega Sdn. Bhd.,,,,,,,,,,,,,,Kulim,Renewable energy (own consumption/use) using solar,,,,,,
,,,,,,,2021,year,False,Project Listing In Kedah 2021 (4).xlsx,Services Listing,,49.0,Ayam Mega Sdn. Bhd.,,,,,,,,,,,,,,Kulim,Renewable energy (own consumption/use) using solar,,,,,,
,,,,,,,2021,year,False,Project Listing In Kedah 2021 (4).xlsx,Services Listing,,50.0,Enhance Power Synergy Sdn. Bhd.,,,,,,,,,,,,,,Kulim,Renewable energy (own consumption/use) using solar,,,,,,
,,,,,,,2021,year,False,Project Listing In Kedah 2021 (4).xlsx,Services Listing,,51.0,Indah Utara Auto Sdn. Bhd.,,,,,,,,,,,,,,Alor Star,Renewable energy (own consumption/use) using solar,,,,,,
,,,,,,,2021,year,False,Project Listing In Kedah 2021 (4).xlsx,Services Listing,,52.0,Suree Food Industries Sdn. Bhd.,,,,,,,,,,,,,,Sungai Petani,Renewable energy (own consumption/use) using solar,,,,,,
,,,,,,,2021,year,False,Project Listing In Kedah 2021 (4).xlsx,Services Listing,,53.0,EEL Plumbing & Trading Sdn. Bhd.,,,,,,,,,,,,,,Langkawi,Renewable energy (own consumption/use) using solar,,,,,,
,,,,,,,2021,year,False,Project Listing In Kedah 2021 (4).xlsx,Services Listing,,54.0,Pen Petroleum Sdn. Bhd.,,,,,,,,,,,,,,Lunas,Renewable energy (own consumption/use) using solar,,,,,,
,,,,,,,2021,year,False,Project Listing In Kedah 2021 (4).xlsx,Services Listing,,55.0,Pen Petroleum Sdn. Bhd.,,,,,,,,,,,,,,Alor Star,Renewable energy (own consumption/use) using solar,,,,,,
,,,,,,,2021,year,False,Project Listing In Kedah 2021 (4).xlsx,Services Listing,,56.0,Pen Petroleum Sdn. Bhd.,,,,,,,,,,,,,,Alor Star,Renewable energy (own consumption/use) using solar,,,,,,
,,,,,,,2021,year,False,Project Listing In Kedah 2021 (4).xlsx,Services Listing,,57.0,Pen Petroleum Sdn. Bhd.,,,,,,,,,,,,,,Other Areas,Renewable energy (own consumption/use) using solar,,,,,,
,,,,,,,2021,year,False,Project Listing In Kedah 2021 (4).xlsx,Services Listing,,58.0,Pen Petroleum Sdn. Bhd.,,,,,,,,,,,,,,Alor Star,Renewable energy (own consumption/use) using solar,,,,,,
,,,,,,,2021,year,False,Project Listing In Kedah 2021 (4).xlsx,Services Listing,,59.0,Pen Petroleum Sdn. Bhd.,,,,,,,,,,,,,,Padang Serai,Renewable energy (own consumption/use) using solar,,,,,,
,,,,,,,2021,year,False,Project Listing In Kedah 2021 (4).xlsx,Services Listing,,60.0,Pen Petroleum Sdn. Bhd.,,,,,,,,,,,,,,Baling,Renewable energy (own consumption/use) using solar,,,,,,
,,,,,,,2021,year,False,Project Listing In Kedah 2021 (4).xlsx,Services Listing,,61.0,Precise Harvest Sdn. Bhd.,,,,,,,,,,,,,,Lunas,Renewable energy (own consumption/use) using solar,,,,,,
,,,,,,,2021,year,False,Project Listing In Kedah 2021 (4).xlsx,Services Listing,,62.0,Precise Harvest Sdn. Bhd.,,,,,,,,,,,,,,Lunas,Renewable energy (own consumption/use) using solar,,,,,,
,,,,,,,2021,year,False,Project Listing In Kedah 2021 (4).xlsx,Services Listing,,63.0,Teoh Chin Hin Sdn. Bhd.,,,,,,,,,,,,,,Sungai Petani,Renewable energy (own consumption/use) using solar,,,,,,
,,,,,,,2021,year,False,Project Listing In Kedah 2021 (4).xlsx,Services Listing,,64.0,Intan Petroleum Sdn. Bhd.,,,,,,,,,,,,,,Sungai Petani,Renewable energy (own consumption/use) using solar,,,,,,
,,,,,,,2021,year,False,Project Listing In Kedah 2021 (4).xlsx,Services Listing,,65.0,Akademi Bintara Sdn. Bhd.,,,,,,,,,,,,,,Sik,Renewable energy (own consumption/use) using solar,,,,,,
,,,,,,,2021,year,False,Project Listing In Kedah 2021 (4).xlsx,Services Listing,,66.0,Shijiru Sdn. Bhd.,,,,,,,,,,,,,,Sungai Petani IE,Renewable energy (own consumption/use) using solar,,,,,,
,,,,,,,2021,year,False,Project Listing In Kedah 2021 (4).xlsx,Services Listing,,67.0,Konsortium Villamaju Sdn. Bhd.,,,,,,,,,,,,,,Pokok Sena,Renewable energy (own consumption/use) using solar,,,,,,
,,,,,,,2021,year,False,Project Listing In Kedah 2021 (4).xlsx,Services Listing,,68.0,Damai Hikmat Sdn. Bhd.,,,,,,,,,,,,,,Kulim,Renewable Energy Solar - Own consumption,,,,,,
,,,,,,,2023,year,False,"List of Companies Manufacturing & Service Sector, For 2023 (Invest Kedah) (6).xlsx",List Mfg,,,,9627.0,,,,,,,,,,2775275621.0,24050147559.0,,,,1,INTEL TECHNOLOGY SDN BHD,8384.0,1243.0,26825423180.0,
,,,,,,,2023,year,False,"List of Companies Manufacturing & Service Sector, For 2023 (Invest Kedah) (6).xlsx",List Mfg,,,,,,,,,,,,,,,,,,,2,CKD Malaysia Sdn. Bhd.,,,,
,,,,,,,2023,year,False,"List of Companies Manufacturing & Service Sector, For 2023 (Invest Kedah) (6).xlsx",List Mfg,,,,,,,,,,,,,,,,,,,3,EVE Energy Malaysia Sdn. Bhd.,,,,
,,,,,,,2023,year,False,"List of Companies Manufacturing & Service Sector, For 2023 (Invest Kedah) (6).xlsx",List Mfg,,,,,,,,,,,,,,,,,,,4,LAM RESEARCH INTERNATIONAL SDN. BHD.,,,,
,,,,,,,2023,year,False,"List of Companies Manufacturing & Service Sector, For 2023 (Invest Kedah) (6).xlsx",List Mfg,,,,,,,,,,,,,,,,,,,5,SILTERRA MALAYSIA SDN. BHD.,,,,
,,,,,,,2023,year,False,"List of Companies Manufacturing & Service Sector, For 2023 (Invest Kedah) (6).xlsx",List Mfg,,,,,,,,,,,,,,,,,,,6,SCHOTT GLASS (M) SDN BHD,,,,
,,,,,,,2023,year,False,"List of Companies Manufacturing & Service Sector, For 2023 (Invest Kedah) (6).xlsx",List Mfg,,,,,,,,,,,,,,,,,,,7,RPD MFG Connectivity Sdn. Bhd.,,,,
,,,,,,,2023,year,False,"List of Companies Manufacturing & Service Sector, For 2023 (Invest Kedah) (6).xlsx",List Mfg,,,,,,,,,,,,,,,,,,,8,Fuji Electric (Malaysia) Sdn. Bhd.,,,,
,,,,,,,2023,year,False,"List of Companies Manufacturing & Service Sector, For 2023 (Invest Kedah) (6).xlsx",List Mfg,,,,,,,,,,,,,,,,,,,9,PETRONAS Chemicals Fertiliser Kedah Sdn. Bhd.,,,,
,,,,,,,2023,year,False,"List of Companies Manufacturing & Service Sector, For 2023 (Invest Kedah) (6).xlsx",List Mfg,,,,,,,,,,,,,,,,,,,10,Celestica Platform and Cloud Solutions Malaysia Sdn. Bhd.,,,,
,,,,,,,2023,year,False,"List of Companies Manufacturing & Service Sector, For 2023 (Invest Kedah) (6).xlsx",List Mfg,,,,,,,,,,,,,,,,,,,11,TG PLASTIC TECHNOLOGIES SDN BHD,,,,
,,,,,,,2023,year,False,"List of Companies Manufacturing & Service Sector, For 2023 (Invest Kedah) (6).xlsx",List Mfg,,,,,,,,,,,,,,,,,,,12,STELLANTIS GURUN (MALAYSIA) SDN. BHD.,,,,
,,,,,,,2023,year,False,"List of Companies Manufacturing & Service Sector, For 2023 (Invest Kedah) (6).xlsx",List Mfg,,,,,,,,,,,,,,,,,,,13,BCM Electronics Corporation Sdn. Bhd.,,,,
,,,,,,,2023,year,False,"List of Companies Manufacturing & Service Sector, For 2023 (Invest Kedah) (6).xlsx",List Mfg,,,,,,,,,,,,,,,,,,,14,TG PLASTIC TECHNOLOGIES SDN BHD,,,,
,,,,,,,2023,year,False,"List of Companies Manufacturing & Service Sector, For 2023 (Invest Kedah) (6).xlsx",List Mfg,,,,,,,,,,,,,,,,,,,15,Tongda Smart Tech (Malaysia) Sdn. Bhd.,,,,
,,,,,,,2023,year,False,"List of Companies Manufacturing & Service Sector, For 2023 (Invest Kedah) (6).xlsx",List Mfg,,,,,,,,,,,,,,,,,,,16,Yetta Steel Industries Sdn. Bhd.,,,,
,,,,,,,2023,year,False,"List of Companies Manufacturing & Service Sector, For 2023 (Invest Kedah) (6).xlsx",List Mfg,,,,,,,,,,,,,,,,,,,17,Alliance Contract Manufacturing Sdn. Bhd.,,,,
,,,,,,,2023,year,False,"List of Companies Manufacturing & Service Sector, For 2023 (Invest Kedah) (6).xlsx",List Mfg,,,,,,,,,,,,,,,,,,,18,Yuto Packaging Technology Sdn. Bhd.,,,,
,,,,,,,2023,year,False,"List of Companies Manufacturing & Service Sector, For 2023 (Invest Kedah) (6).xlsx",List Mfg,,,,,,,,,,,,,,,,,,,19,Xin Sheng Environmental (M) Sdn. Bhd.,,,,
,,,,,,,2023,year,False,"List of Companies Manufacturing & Service Sector, For 2023 (Invest Kedah) (6).xlsx",List Mfg,,,,,,,,,,,,,,,,,,,20,The Laryngeal Mask Company (Malaysia) Sdn. Bhd.,,,,
,,,,,,,2023,year,False,"List of Companies Manufacturing & Service Sector, For 2023 (Invest Kedah) (6).xlsx",List Mfg,,,,,,,,,,,,,,,,,,,21,TG PLASTIC TECHNOLOGIES SDN BHD,,,,
,,,,,,,2023,year,False,"List of Companies Manufacturing & Service Sector, For 2023 (Invest Kedah) (6).xlsx",List Mfg,,,,,,,,,,,,,,,,,,,22,SIME DARBY AUTO ENGINEERING SDN. BHD.,,,,
,,,,,,,2023,year,False,"List of Companies Manufacturing & Service Sector, For 2023 (Invest Kedah) (6).xlsx",List Mfg,,,,,,,,,,,,,,,,,,,23,ALTRA PRECISION SDN. BHD.,,,,
,,,,,,,2023,year,False,"List of Companies Manufacturing & Service Sector, For 2023 (Invest Kedah) (6).xlsx",List Mfg,,,,,,,,,,,,,,,,,,,24,Eolane Malaysia Sdn. Bhd.,,,,
,,,,,,,2023,year,False,"List of Companies Manufacturing & Service Sector, For 2023 (Invest Kedah) (6).xlsx",List Mfg,,,,,,,,,,,,,,,,,,,25,TGW PLASTIC PACKAGING SDN. BHD.,,,,
,,,,,,,2023,year,False,"List of Companies Manufacturing & Service Sector, For 2023 (Invest Kedah) (6).xlsx",List Mfg,,,,,,,,,,,,,,,,,,,26,Igloo Ice Sdn. Bhd.,,,,
,,,,,,,2023,year,False,"List of Companies Manufacturing & Service Sector, For 2023 (Invest Kedah) (6).xlsx",List Mfg,,,,,,,,,,,,,,,,,,,27,Alphaess Malaysia Sdn. Bhd.,,,,
,,,,,,,2023,year,False,"List of Companies Manufacturing & Service Sector, For 2023 (Invest Kedah) (6).xlsx",List Mfg,,,,,,,,,,,,,,,,,,,28,JP Signature International Sdn. Bhd.,,,,
,,,,,,,2023,year,False,"List of Companies Manufacturing & Service Sector, For 2023 (Invest Kedah) (6).xlsx",List Mfg,,,,,,,,,,,,,,,,,,,29,Lopie Paper (Malaysia) Sdn. Bhd.,,,,
,,,,,,,2023,year,False,"List of Companies Manufacturing & Service Sector, For 2023 (Invest Kedah) (6).xlsx",List Mfg,,,,,,,,,,,,,,,,,,,30,HOTPACK PACKAGING INDUSTRIES SDN. BHD.,,,,
,,,,,,,2023,year,False,"List of Companies Manufacturing & Service Sector, For 2023 (Invest Kedah) (6).xlsx",List Mfg,,,,,,,,,,,,,,,,,,,31,Feytech Sdn. Bhd.,,,,
,,,,,,,2023,year,False,"List of Companies Manufacturing & Service Sector, For 2023 (Invest Kedah) (6).xlsx",List Mfg,,,,,,,,,,,,,,,,,,,32,Hong Seng Assembly Sdn Bhd,,,,
,,,,,,,2023,year,False,"List of Companies Manufacturing & Service Sector, For 2023 (Invest Kedah) (6).xlsx",List Mfg,,,,,,,,,,,,,,,,,,,33,VOLTRON MALAYSIA SDN. BHD.,,,,
,,,,,,,2023,year,False,"List of Companies Manufacturing & Service Sector, For 2023 (Invest Kedah) (6).xlsx",List Mfg,,,,,,,,,,,,,,,,,,,34,Fusungta Technologies Sdn. Bhd.,,,,
,,,,,,,2023,year,False,"List of Companies Manufacturing & Service Sector, For 2023 (Invest Kedah) (6).xlsx",List Mfg,,,,,,,,,,,,,,,,,,,35,DKLS Quarry & Premix (North) Sdn. Bhd.,,,,
,,,,,,,2023,year,False,"List of Companies Manufacturing & Service Sector, For 2023 (Invest Kedah) (6).xlsx",List Mfg,,,,,,,,,,,,,,,,,,,36,Kingdom Precision Metal (Malaysia) Sdn. Bhd.,,,,
,,,,,,,2023,year,False,"List of Companies Manufacturing & Service Sector, For 2023 (Invest Kedah) (6).xlsx",List Mfg,,,,,,,,,,,,,,,,,,,37,Gano Excel Industries Sdn. Bhd.,,,,
,,,,,,,2023,year,False,"List of Companies Manufacturing & Service Sector, For 2023 (Invest Kedah) (6).xlsx",List Mfg,,,,,,,,,,,,,,,,,,,38,Sime Darby Auto Interior Sdn. Bhd.,,,,
,,,,,,,2023,year,False,"List of Companies Manufacturing & Service Sector, For 2023 (Invest Kedah) (6).xlsx",List Mfg,,,,,,,,,,,,,,,,,,,39,Shinx Malaysia Sdn. Bhd.,,,,
,,,,,,,2023,year,False,"List of Companies Manufacturing & Service Sector, For 2023 (Invest Kedah) (6).xlsx",List Mfg,,,,,,,,,,,,,,,,,,,40,DENIM CODE SDN. BHD.,,,,
,,,,,,,2023,year,False,"List of Companies Manufacturing & Service Sector, For 2023 (Invest Kedah) (6).xlsx",List Mfg,,,,,,,,,,,,,,,,,,,41,Sime Darby Auto Engineering Sdn. Bhd.,,,,
,,,,,,,2023,year,False,"List of Companies Manufacturing & Service Sector, For 2023 (Invest Kedah) (6).xlsx",List Mfg,,,,,,,,,,,,,,,,,,,42,MJC Precision (M) Sdn. Bhd.,,,,
,,,,,,,2023,year,False,"List of Companies Manufacturing & Service Sector, For 2023 (Invest Kedah) (6).xlsx",List Mfg,,,,,,,,,,,,,,,,,,,43,CARRIMAD INDUSTRIES SDN BHD,,,,
,,,,,,,2023,year,False,"List of Companies Manufacturing & Service Sector, For 2023 (Invest Kedah) (6).xlsx",List Mfg,,,,,,,,,,,,,,,,,,,44,Bersatu Food Industries Sdn. Bhd.,,,,
,,,,,,,2023,year,False,"List of Companies Manufacturing & Service Sector, For 2023 (Invest Kedah) (6).xlsx",List Mfg,,,,,,,,,,,,,,,,,,,45,Perusahaan Sindi Sdn. Bhd.,,,,
,,,,,,,2023,year,False,"List of Companies Manufacturing & Service Sector, For 2023 (Invest Kedah) (6).xlsx",List Mfg,,,,,,,,,,,,,,,,,,,46,RADIUS QUALITY SDN. BHD.,,,,
,,,,,,,2023,year,False,"List of Companies Manufacturing & Service Sector, For 2023 (Invest Kedah) (6).xlsx",List Mfg,,,,,,,,,,,,,,,,,,,47,Optimus Wood And General Trade Sdn. Bhd.,,,,
,,,,,,,2023,year,False,"List of Companies Manufacturing & Service Sector, For 2023 (Invest Kedah) (6).xlsx",List Mfg,,,,,,,,,,,,,,,,,,,48,Sime Darby Auto Module Sdn. Bhd.,,,,
,,,,,,,2023,year,False,"List of Companies Manufacturing & Service Sector, For 2023 (Invest Kedah) (6).xlsx",List Mfg,,,,,,,,,,,,,,,,,,,49,HS ASSEMBLY SDN. BHD.,,,,
,,,,,,,2023,year,False,"List of Companies Manufacturing & Service Sector, For 2023 (Invest Kedah) (6).xlsx",List Mfg,,,,,,,,,,,,,,,,,,,50,ICHEN INDUSTRIES SDN. BHD.,,,,
,,,,,,,2023,year,False,"List of Companies Manufacturing & Service Sector, For 2023 (Invest Kedah) (6).xlsx",List Mfg,,,,,,,,,,,,,,,,,,,51,SM BIOMED SDN. BHD.,,,,
,,,,,,,2023,year,False,"List of Companies Manufacturing & Service Sector, For 2023 (Invest Kedah) (6).xlsx",List Mfg,,,,,,,,,,,,,,,,,,,52,DKLS Quarry & Premix (North) Sdn. Bhd.,,,,
,,,,,,,2023,year,False,"List of Companies Manufacturing & Service Sector, For 2023 (Invest Kedah) (6).xlsx",List Mfg,,,,,,,,,,,,,,,,,,,53,Silcotech Industry Sdn. Bhd.,,,,
,,,,,,,2023,year,False,"List of Companies Manufacturing & Service Sector, For 2023 (Invest Kedah) (6).xlsx",List Mfg,,,,,,,,,,,,,,,,,,,54,ICT PRECISION ENGINEERING SDN. BHD.,,,,
,,,,,,,2023,year,False,"List of Companies Manufacturing & Service Sector, For 2023 (Invest Kedah) (6).xlsx",List Mfg,,,,,,,,,,,,,,,,,,,55,DKLS Quarry & Premix (North) Sdn. Bhd.,,,,
,,,,,,,2023,year,False,"List of Companies Manufacturing & Service Sector, For 2023 (Invest Kedah) (6).xlsx",List Mfg,,,,,,,,,,,,,,,,,,,56,Lead Engineering Sdn. Bhd.,,,,
,,,,,,,2023,year,False,"List of Companies Manufacturing & Service Sector, For 2023 (Invest Kedah) (6).xlsx",List Mfg,,,,,,,,,,,,,,,,,,,57,Hicom HBPO SDN BHD,,,,
,,,,,,,2023,year,False,"List of Companies Manufacturing & Service Sector, For 2023 (Invest Kedah) (6).xlsx",List Mfg,,,,,,,,,,,,,,,,,,,58,JIN BIN (MALAYSIA) PHARMACEUTICAL GROUP SDN. BHD.,,,,
,,,,,,,2023,year,False,"List of Companies Manufacturing & Service Sector, For 2023 (Invest Kedah) (6).xlsx",List Mfg,,,,,,,,,,,,,,,,,,,59,Lead Engineering Sdn. Bhd.,,,,
,,,,,,,2023,year,False,"List of Companies Manufacturing & Service Sector, For 2023 (Invest Kedah) (6).xlsx",List Mfg,,,,,,,,,,,,,,,,,,,60,Tongda Smart Tech (Malaysia) Sdn. Bhd.,,,,
,,,,,,,2023,year,False,"List of Companies Manufacturing & Service Sector, For 2023 (Invest Kedah) (6).xlsx",List Mfg,,,,,,,,,,,,,,,,,,,61,SM Pharmaceuticals Sdn. Bhd.,,,,
,,,,,,,2023,year,False,"List of Companies Manufacturing & Service Sector, For 2023 (Invest Kedah) (6).xlsx",List Mfg,,,,,,,,,,,,,,,,,,,62,Yanfeng Malaysia Automotive Interior Systems Sdn. Bhd.,,,,
,,,,,,,2023,year,False,"List of Companies Manufacturing & Service Sector, For 2023 (Invest Kedah) (6).xlsx",List Mfg,,,,,,,,,,,,,,,,,,,63,SUPPORTIVE TECHNOLOGY SDN. BHD.,,,,
,,,,,,,2023,year,False,"List of Companies Manufacturing & Service Sector, For 2023 (Invest Kedah) (6).xlsx",List Mfg,,,,,,,,,,,,,,,,,,,Total,,,,,
,,,,,,,2023,year,False,"List of Companies Manufacturing & Service Sector, For 2023 (Invest Kedah) (6).xlsx",List Services,,,,39.0,,,,,,,,,,344470134.0,24148435.0,,,,1,TNB Bukit Selambau Solar Dua Sdn. Bhd.,39.0,0.0,368618568.0,Support Services
,,,,,,,2023,year,False,"List of Companies Manufacturing & Service Sector, For 2023 (Invest Kedah) (6).xlsx",List Services,,,,,,,,,,,,,,,,,,,2,GT2 Healthcare Sdn. Bhd.,,,,Support Services
,,,,,,,2023,year,False,"List of Companies Manufacturing & Service Sector, For 2023 (Invest Kedah) (6).xlsx",List Services,,,,,,,,,,,,,,,,,,,3,Munzing Malaysia Sdn. Bhd.,,,,Support Services
,,,,,,,2023,year,False,"List of Companies Manufacturing & Service Sector, For 2023 (Invest Kedah) (6).xlsx",List Services,,,,,,,,,,,,,,,,,,,4,RESPACK POLYFILM SDN. BHD.,,,,Support Services
,,,,,,,2023,year,False,"List of Companies Manufacturing & Service Sector, For 2023 (Invest Kedah) (6).xlsx",List Services,,,,,,,,,,,,,,,,,,,5,C-Mart 7 Sdn. Bhd.,,,,Support Services
,,,,,,,2023,year,False,"List of Companies Manufacturing & Service Sector, For 2023 (Invest Kedah) (6).xlsx",List Services,,,,,,,,,,,,,,,,,,,6,QL Ansan Poultry Farm Sdn. Bhd.,,,,Support Services
,,,,,,,2023,year,False,"List of Companies Manufacturing & Service Sector, For 2023 (Invest Kedah) (6).xlsx",List Services,,,,,,,,,,,,,,,,,,,7,QL Ansan Poultry Farm Sdn. Bhd.,,,,Support Services
,,,,,,,2023,year,False,"List of Companies Manufacturing & Service Sector, For 2023 (Invest Kedah) (6).xlsx",List Services,,,,,,,,,,,,,,,,,,,8,Kilang Beras Rajang Sdn. Bhd.,,,,Support Services
,,,,,,,2023,year,False,"List of Companies Manufacturing & Service Sector, For 2023 (Invest Kedah) (6).xlsx",List Services,,,,,,,,,,,,,,,,,,,9,Kilang Beras San Seng Lee (Kedah) Sdn. Bhd.,,,,Support Services
,,,,,,,2023,year,False,"List of Companies Manufacturing & Service Sector, For 2023 (Invest Kedah) (6).xlsx",List Services,,,,,,,,,,,,,,,,,,,10,KST Kean Seng Trading Sdn. Bhd.,,,,Support Services
,,,,,,,2023,year,False,"List of Companies Manufacturing & Service Sector, For 2023 (Invest Kedah) (6).xlsx",List Services,,,,,,,,,,,,,,,,,,,11,HHBK 1960 FOOD INDUSTRIES SDN. BHD.,,,,Support Services
,,,,,,,2023,year,False,"List of Companies Manufacturing & Service Sector, For 2023 (Invest Kedah) (6).xlsx",List Services,,,,,,,,,,,,,,,,,,,12,Double Site Sdn. Bhd.,,,,Support Services
,,,,,,,2023,year,False,"List of Companies Manufacturing & Service Sector, For 2023 (Invest Kedah) (6).xlsx",List Services,,,,,,,,,,,,,,,,,,,13,QL Ansan Poultry Farm Sdn. Bhd.,,,,Support Services
,,,,,,,2023,year,False,"List of Companies Manufacturing & Service Sector, For 2023 (Invest Kedah) (6).xlsx",List Services,,,,,,,,,,,,,,,,,,,14,Custom Food Ingredients Sdn. Bhd.,,,,Support Services
,,,,,,,2023,year,False,"List of Companies Manufacturing & Service Sector, For 2023 (Invest Kedah) (6).xlsx",List Services,,,,,,,,,,,,,,,,,,,15,PPH Printing & Packaging (Kulim) Sdn. Bhd.,,,,Support Services
,,,,,,,2023,year,False,"List of Companies Manufacturing & Service Sector, For 2023 (Invest Kedah) (6).xlsx",List Services,,,,,,,,,,,,,,,,,,,16,Thean Peng Rice & Oil Mills Sdn. Bhd.,,,,Support Services
,,,,,,,2023,year,False,"List of Companies Manufacturing & Service Sector, For 2023 (Invest Kedah) (6).xlsx",List Services,,,,,,,,,,,,,,,,,,,17,Thean Peng Rice & Oil Mills Sdn. Bhd.,,,,Support Services
,,,,,,,2023,year,False,"List of Companies Manufacturing & Service Sector, For 2023 (Invest Kedah) (6).xlsx",List Services,,,,,,,,,,,,,,,,,,,18,Sharikat Kilang Serbok Ikan (Asia) Sdn. Bhd.,,,,Support Services
,,,,,,,2023,year,False,"List of Companies Manufacturing & Service Sector, For 2023 (Invest Kedah) (6).xlsx",List Services,,,,,,,,,,,,,,,,,,,19,Frontken Malaysia Sdn. Bhd.,,,,Support Services
,,,,,,,2023,year,False,"List of Companies Manufacturing & Service Sector, For 2023 (Invest Kedah) (6).xlsx",List Services,,,,,,,,,,,,,,,,,,,20,D E S ELECTRONICS SDN.BHD.,,,,Support Services
,,,,,,,2023,year,False,"List of Companies Manufacturing & Service Sector, For 2023 (Invest Kedah) (6).xlsx",List Services,,,,,,,,,,,,,,,,,,,21,Berlian Bakti Sdn. Bhd.,,,,Support Services
,,,,,,,2023,year,False,"List of Companies Manufacturing & Service Sector, For 2023 (Invest Kedah) (6).xlsx",List Services,,,,,,,,,,,,,,,,,,,22,QL Ansan Poultry Farm Sdn. Bhd.,,,,Support Services
,,,,,,,2023,year,False,"List of Companies Manufacturing & Service Sector, For 2023 (Invest Kedah) (6).xlsx",List Services,,,,,,,,,,,,,,,,,,,23,SENG KEAT PLASTIC INDUSTRIES (M) SDN. BH,,,,Support Services
,,,,,,,2023,year,False,"List of Companies Manufacturing & Service Sector, For 2023 (Invest Kedah) (6).xlsx",List Services,,,,,,,,,,,,,,,,,,,24,Sharikat Kilang Serbok Ikan (Asia) Sdn. Bhd.,,,,Support Services
,,,,,,,2023,year,False,"List of Companies Manufacturing & Service Sector, For 2023 (Invest Kedah) (6).xlsx",List Services,,,,,,,,,,,,,,,,,,,25,Perniagaan Muhibbah Ria Sdn. Bhd.,,,,Support Services
,,,,,,,2023,year,False,"List of Companies Manufacturing & Service Sector, For 2023 (Invest Kedah) (6).xlsx",List Services,,,,,,,,,,,,,,,,,,,26,Denim Code Sdn. Bhd.,,,,Support Services
,,,,,,,2023,year,False,"List of Companies Manufacturing & Service Sector, For 2023 (Invest Kedah) (6).xlsx",List Services,,,,,,,,,,,,,,,,,,,27,QL Ansan Poultry Farm Sdn. Bhd.,,,,Support Services
,,,,,,,2023,year,False,"List of Companies Manufacturing & Service Sector, For 2023 (Invest Kedah) (6).xlsx",List Services,,,,,,,,,,,,,,,,,,,28,Chip Hwa Trading Sdn. Bhd.,,,,Support Services
,,,,,,,2023,year,False,"List of Companies Manufacturing & Service Sector, For 2023 (Invest Kedah) (6).xlsx",List Services,,,,,,,,,,,,,,,,,,,29,Xin Cheng Fa Brick Works Sdn. Bhd.,,,,Support Services
,,,,,,,2023,year,False,"List of Companies Manufacturing & Service Sector, For 2023 (Invest Kedah) (6).xlsx",List Services,,,,,,,,,,,,,,,,,,,Total,,,,,
