year,period_type,is_partial_year,geo_scope,sector,breakdown_type,breakdown_value,state,industry,country,location,projects,employment,domestic_rm_million,foreign_rm_million,total_rm_million,data_grain,source_file,source_sheet
2019,year,False,unknown,unknown,location,Alor Star,,,,Alor Star,1.0,125,14.867,0.0,14.867,annual_location,By Factory Location For The Year 2019 (1).xlsx,Location
2019,year,False,unknown,unknown,location,Bakar Arang IE,,,,Bakar Arang IE,12.0,688,135.38299999999998,58.182,193.565,annual_location,By Factory Location For The Year 2019 (1).xlsx,Location
2019,year,False,unknown,unknown,location,Bedong,,,,Bedong,1.0,108,0.0,93.584,93.584,annual_location,By Factory Location For The Year 2019 (1).xlsx,Location
2019,year,False,unknown,unknown,location,Bukit Makmur Ind. Park,,,,Bukit Makmur Ind. Park,1.0,25,11.947,0.0,11.947,annual_location,By Factory Location For The Year 2019 (1).xlsx,Location
2019,year,False,unknown,unknown,location,Gurun IE,,,,Gurun IE,2.0,33,9.059999999999999,1.111,10.171,annual_location,By Factory Location For The Year 2019 (1).xlsx,Location
2019,year,False,unknown,unknown,location,Kepala Batas,,,,Kepala Batas,1.0,7,11.259,0.0,11.259,annual_location,By Factory Location For The Year 2019 (1).xlsx,Location
2019,year,False,unknown,unknown,location,Kuala Ketil IE,,,,Kuala Ketil IE,2.0,40,37.214000000000055,414.78,451.994,annual_location,By Factory Location For The Year 2019 (1).xlsx,Location
2019,year,False,unknown,unknown,location,Kulim High Tech Ind. Park,,,,Kulim High Tech Ind. Park,4.0,702,1982.6999999999998,5100.0,7082.7,annual_location,By Factory Location For The Year 2019 (1).xlsx,Location
2019,year,False,unknown,unknown,location,Kulim IE,,,,Kulim IE,1.0,96,0.0,18.587,18.587,annual_location,By Factory Location For The Year 2019 (1).xlsx,Location
2019,year,False,unknown,unknown,location,Langkawi,,,,Langkawi,2.0,113,905.0,0.0,905.0,annual_location,By Factory Location For The Year 2019 (1).xlsx,Location
2019,year,False,unknown,unknown,location,Lunas,,,,Lunas,1.0,32,8.899,0.0,8.899,annual_location,By Factory Location For The Year 2019 (1).xlsx,Location
2019,year,False,unknown,unknown,location,Mergong Barrage IE,,,,Mergong Barrage IE,1.0,106,5.701,0.0,5.701,annual_location,By Factory Location For The Year 2019 (1).xlsx,Location
2019,year,False,unknown,unknown,location,Padang Meha IE,,,,Padang Meha IE,1.0,57,11.266,0.979,12.245,annual_location,By Factory Location For The Year 2019 (1).xlsx,Location
2019,year,False,unknown,unknown,location,Padang Serai,,,,Padang Serai,2.0,1656,0.0,2292.0,2292.0,annual_location,By Factory Location For The Year 2019 (1).xlsx,Location
2019,year,False,unknown,unknown,location,Sungai Lalang (MIEL) IE,,,,Sungai Lalang (MIEL) IE,3.0,434,57.514,2.794,60.308,annual_location,By Factory Location For The Year 2019 (1).xlsx,Location
2019,year,False,unknown,unknown,location,Sungai Petani,,,,Sungai Petani,8.0,349,127.86200000000001,43.765,171.627,annual_location,By Factory Location For The Year 2019 (1).xlsx,Location
2019,year,False,unknown,unknown,location,Sungai Petani IE,,,,Sungai Petani IE,7.0,418,34.787000000000006,60.169,94.956,annual_location,By Factory Location For The Year 2019 (1).xlsx,Location
2019,year,False,unknown,unknown,location,Taman Makmur IE,,,,Taman Makmur IE,1.0,30,3.05,0.0,3.05,annual_location,By Factory Location For The Year 2019 (1).xlsx,Location
2019,year,False,unknown,unknown,location,Taman Ria Jaya Light IE,,,,Taman Ria Jaya Light IE,1.0,27,17.876,0.0,17.876,annual_location,By Factory Location For The Year 2019 (1).xlsx,Location
2019,year,False,unknown,unknown,location,Tikam Batu IE,,,,Tikam Batu IE,1.0,30,7.317,0.0,7.317,annual_location,By Factory Location For The Year 2019 (1).xlsx,Location
2019,year,False,unknown,unknown,location,Yan,,,,Yan,1.0,100,9.223,0.0,9.223,annual_location,By Factory Location For The Year 2019 (1).xlsx,Location
2019,year,False,malaysia_all_states,unknown,state,Chemical & Chemical Products,Chemical & Chemical Products,,,,5.0,232,47.9548,6.283,54.2378,annual_state,By Industry For The Year 2019 (3).xlsx,Approved Projects By State->Ind
2019,year,False,malaysia_all_states,unknown,state,Electronics & Electrical Products,Electronics & Electrical Products,,,,17.0,1764,2259.642,5179.947,7439.589,annual_state,By Industry For The Year 2019 (3).xlsx,Approved Projects By State->Ind
2019,year,False,malaysia_all_states,unknown,state,Fabricated Metal Products,Fabricated Metal Products,,,,5.0,267,61.170079,23.348,84.518079,annual_state,By Industry For The Year 2019 (3).xlsx,Approved Projects By State->Ind
2019,year,False,malaysia_all_states,unknown,state,Food Manufacturing,Food Manufacturing,,,,3.0,139,29.382,0.0,29.382,annual_state,By Industry For The Year 2019 (3).xlsx,Approved Projects By State->Ind
2019,year,False,malaysia_all_states,unknown,state,Machinery & Equipment,Machinery & Equipment,,,,1.0,106,5.695,0.0,5.695,annual_state,By Industry For The Year 2019 (3).xlsx,Approved Projects By State->Ind
2019,year,False,malaysia_all_states,unknown,state,Miscellaneous,Miscellaneous,,,,1.0,100,0.0005999999999986017,19.565,19.5656,annual_state,By Industry For The Year 2019 (3).xlsx,Approved Projects By State->Ind
2019,year,False,malaysia_all_states,unknown,state,Non-Metallic Mineral Products,Non-Metallic Mineral Products,,,,3.0,80,18.288192000000038,419.006,437.294192,annual_state,By Industry For The Year 2019 (3).xlsx,Approved Projects By State->Ind
2019,year,False,malaysia_all_states,unknown,state,"Paper,Printing & Publishing","Paper,Printing & Publishing",,,,4.0,1834,0.0,2400.984,2400.984,annual_state,By Industry For The Year 2019 (3).xlsx,Approved Projects By State->Ind
2019,year,False,malaysia_all_states,unknown,state,Petroleum Products (Inc. Petrochemicals),Petroleum Products (Inc. Petrochemicals),,,,2.0,42,13.7315,0.0,13.7315,annual_state,By Industry For The Year 2019 (3).xlsx,Approved Projects By State->Ind
2019,year,False,malaysia_all_states,unknown,state,Plastic Products,Plastic Products,,,,4.0,250,30.427999999999997,28.353,58.781,annual_state,By Industry For The Year 2019 (3).xlsx,Approved Projects By State->Ind
2019,year,False,malaysia_all_states,unknown,state,Scientific & Measuring Equipment,Scientific & Measuring Equipment,,,,2.0,149,7.306999999999999,1.874,9.181,annual_state,By Industry For The Year 2019 (3).xlsx,Approved Projects By State->Ind
2019,year,False,malaysia_all_states,unknown,state,Textiles & Textile Products,Textiles & Textile Products,,,,1.0,0,0.675,0.0,0.675,annual_state,By Industry For The Year 2019 (3).xlsx,Approved Projects By State->Ind
2019,year,False,malaysia_all_states,unknown,state,Transport Equipment,Transport Equipment,,,,5.0,188,916.6514,2.09,918.7414,annual_state,By Industry For The Year 2019 (3).xlsx,Approved Projects By State->Ind
2019,year,False,malaysia_all_states,unknown,state,Wood & Wood Products,Wood & Wood Products,,,,1.0,25,0.0,4.5,4.5,annual_state,By Industry For The Year 2019 (3).xlsx,Approved Projects By State->Ind
2020,year,False,kedah_only,manufacturing,country,China,Kedah,,China,,5.0,1742,,1560.494369,,annual_country,Approval of Manufacturing Projects Year 2020 (Kedah).xlsx,By Country
2020,year,False,kedah_only,manufacturing,country,Chinese Taipei,Kedah,,Chinese Taipei,,1.0,103,,22.138,,annual_country,Approval of Manufacturing Projects Year 2020 (Kedah).xlsx,By Country
2020,year,False,kedah_only,manufacturing,country,Hong Kong,Kedah,,Hong Kong,,4.0,594,,301.16,,annual_country,Approval of Manufacturing Projects Year 2020 (Kedah).xlsx,By Country
2020,year,False,kedah_only,manufacturing,country,India,Kedah,,India,,1.0,0,,0.0,,annual_country,Approval of Manufacturing Projects Year 2020 (Kedah).xlsx,By Country
2020,year,False,kedah_only,manufacturing,country,Japan,Kedah,,Japan,,5.0,37,,25.483,,annual_country,Approval of Manufacturing Projects Year 2020 (Kedah).xlsx,By Country
2020,year,False,kedah_only,manufacturing,country,Korea,Kedah,,Korea,,1.0,34,,6.137,,annual_country,Approval of Manufacturing Projects Year 2020 (Kedah).xlsx,By Country
2020,year,False,kedah_only,manufacturing,country,Others,Kedah,,Others,,6.0,22,,8.372,,annual_country,Approval of Manufacturing Projects Year 2020 (Kedah).xlsx,By Country
2020,year,False,kedah_only,manufacturing,country,Samoa,Kedah,,Samoa,,1.0,281,,60.0,,annual_country,Approval of Manufacturing Projects Year 2020 (Kedah).xlsx,By Country
2020,year,False,kedah_only,manufacturing,country,Singapore,Kedah,,Singapore,,3.0,152,,58.14,,annual_country,Approval of Manufacturing Projects Year 2020 (Kedah).xlsx,By Country
2020,year,False,kedah_only,manufacturing,country,Switzerland,Kedah,,Switzerland,,1.0,12,,9.253,,annual_country,Approval of Manufacturing Projects Year 2020 (Kedah).xlsx,By Country
2020,year,False,kedah_only,manufacturing,country,USA,Kedah,,USA,,4.0,552,,205.02,,annual_country,Approval of Manufacturing Projects Year 2020 (Kedah).xlsx,By Country
2020,year,False,kedah_only,manufacturing,industry,Basic Metal Products,Kedah,Basic Metal Products,,,2.0,116,7.0,249.565439,256.56543899999997,annual_industry,Approval of Manufacturing Projects Year 2020 (Kedah).xlsx,By Ind
2020,year,False,kedah_only,manufacturing,industry,Chemicals & Chemical Products,Kedah,Chemicals & Chemical Products,,,4.0,194,51.81,13.94,65.75,annual_industry,Approval of Manufacturing Projects Year 2020 (Kedah).xlsx,By Ind
2020,year,False,kedah_only,manufacturing,industry,Electrical & Electronics,Kedah,Electrical & Electronics,,,12.0,1451,389.721528,293.41859,683.140118,annual_industry,Approval of Manufacturing Projects Year 2020 (Kedah).xlsx,By Ind
2020,year,False,kedah_only,manufacturing,industry,Fabricated Metal Products,Kedah,Fabricated Metal Products,,,10.0,352,114.720478,0.0,114.720478,annual_industry,Approval of Manufacturing Projects Year 2020 (Kedah).xlsx,By Ind
2020,year,False,kedah_only,manufacturing,industry,Food Manufacturing,Kedah,Food Manufacturing,,,9.0,660,271.999256,0.1183,272.117556,annual_industry,Approval of Manufacturing Projects Year 2020 (Kedah).xlsx,By Ind
2020,year,False,kedah_only,manufacturing,industry,Furniture & Fixtures,Kedah,Furniture & Fixtures,,,2.0,61,14.037056,0.37,14.42,annual_industry,Approval of Manufacturing Projects Year 2020 (Kedah).xlsx,By Ind
2020,year,False,kedah_only,manufacturing,industry,Machinery & Equipment,Kedah,Machinery & Equipment,,,7.0,62,12.010301,0.0,12.010301,annual_industry,Approval of Manufacturing Projects Year 2020 (Kedah).xlsx,By Ind
2020,year,False,kedah_only,manufacturing,industry,Miscellaneous,Kedah,Miscellaneous,,,1.0,5,0.0,10.0,10.0,annual_industry,Approval of Manufacturing Projects Year 2020 (Kedah).xlsx,By Ind
2020,year,False,kedah_only,manufacturing,industry,Non-Metallic Mineral Products,Kedah,Non-Metallic Mineral Products,,,1.0,12,0.0,18.144,18.144,annual_industry,Approval of Manufacturing Projects Year 2020 (Kedah).xlsx,By Ind
2020,year,False,kedah_only,manufacturing,industry,"Paper,Printing & Publishing",Kedah,"Paper,Printing & Publishing",,,7.0,1435,0.0,1393.0656,1393.0656,annual_industry,Approval of Manufacturing Projects Year 2020 (Kedah).xlsx,By Ind
2020,year,False,kedah_only,manufacturing,industry,Plastic Products,Kedah,Plastic Products,,,1.0,9,7.095844,0.0,7.095844,annual_industry,Approval of Manufacturing Projects Year 2020 (Kedah).xlsx,By Ind
2020,year,False,kedah_only,manufacturing,industry,Rubber Products,Kedah,Rubber Products,,,2.0,3600,823.5,0.0,823.5,annual_industry,Approval of Manufacturing Projects Year 2020 (Kedah).xlsx,By Ind
2020,year,False,kedah_only,manufacturing,industry,Scientific & Measuring Equipment,Kedah,Scientific & Measuring Equipment,,,4.0,40,41.536467,7.784,49.320467,annual_industry,Approval of Manufacturing Projects Year 2020 (Kedah).xlsx,By Ind
2020,year,False,kedah_only,manufacturing,industry,Textiles & Textile Products,Kedah,Textiles & Textile Products,,,1.0,38,7.0,0.0,7.0,annual_industry,Approval of Manufacturing Projects Year 2020 (Kedah).xlsx,By Ind
2020,year,False,kedah_only,manufacturing,industry,Transport Equipment,Kedah,Transport Equipment,,,9.0,136,62.161378,21.714162,83.87554,annual_industry,Approval of Manufacturing Projects Year 2020 (Kedah).xlsx,By Ind
2020,year,False,kedah_only,manufacturing,industry,Wood & Wood Products,Kedah,Wood & Wood Products,,,3.0,705,3.969052,248.08333,252.052382,annual_industry,Approval of Manufacturing Projects Year 2020 (Kedah).xlsx,By Ind
2020,year,False,kedah_only,manufacturing,location,Alor Star,Kedah,,,Alor Star,1.0,143,27.0,0.0,27.0,annual_location,Approval of Manufacturing Projects Year 2020 (Kedah).xlsx,By Loc
2020,year,False,kedah_only,manufacturing,location,Bakar Arang IE,Kedah,,,Bakar Arang IE,7.0,349,63.753,128.605,192.358,annual_location,Approval of Manufacturing Projects Year 2020 (Kedah).xlsx,By Loc
2020,year,False,kedah_only,manufacturing,location,Bandar Darulaman IE,Kedah,,,Bandar Darulaman IE,1.0,0,0.0,15.0,15.0,annual_location,Approval of Manufacturing Projects Year 2020 (Kedah).xlsx,By Loc
2020,year,False,kedah_only,manufacturing,location,Bedong,Kedah,,,Bedong,1.0,0,0.118,0.0118,0.1298,annual_location,Approval of Manufacturing Projects Year 2020 (Kedah).xlsx,By Loc
2020,year,False,kedah_only,manufacturing,location,Gurun IE,Kedah,,,Gurun IE,6.0,214,114.271,256.239,370.51,annual_location,Approval of Manufacturing Projects Year 2020 (Kedah).xlsx,By Loc
2020,year,False,kedah_only,manufacturing,location,Kuala Ketil IE,Kedah,,,Kuala Ketil IE,2.0,177,6.58,48.733,55.312999999999995,annual_location,Approval of Manufacturing Projects Year 2020 (Kedah).xlsx,By Loc
2020,year,False,kedah_only,manufacturing,location,Kuala Muda,Kedah,,,Kuala Muda,2.0,1418,0.0,1254.235,1254.235,annual_location,Approval of Manufacturing Projects Year 2020 (Kedah).xlsx,By Loc
2020,year,False,kedah_only,manufacturing,location,Kulim,Kedah,,,Kulim,2.0,116,282.101,18.144,300.245,annual_location,Approval of Manufacturing Projects Year 2020 (Kedah).xlsx,By Loc
2020,year,False,kedah_only,manufacturing,location,Kulim High Tech Ind. Park,Kedah,,,Kulim High Tech Ind. Park,4.0,4094,1014.72,0.0,1014.72,annual_location,Approval of Manufacturing Projects Year 2020 (Kedah).xlsx,By Loc
2020,year,False,kedah_only,manufacturing,location,Kulim IE,Kedah,,,Kulim IE,5.0,566,40.0,178.2,218.2,annual_location,Approval of Manufacturing Projects Year 2020 (Kedah).xlsx,By Loc
2020,year,False,kedah_only,manufacturing,location,Lunas,Kedah,,,Lunas,5.0,104,23.07,0.0,23.07,annual_location,Approval of Manufacturing Projects Year 2020 (Kedah).xlsx,By Loc
2020,year,False,kedah_only,manufacturing,location,Mergong Barrage IE,Kedah,,,Mergong Barrage IE,1.0,36,0.0,23.1,23.1,annual_location,Approval of Manufacturing Projects Year 2020 (Kedah).xlsx,By Loc
2020,year,False,kedah_only,manufacturing,location,Mergong II IE,Kedah,,,Mergong II IE,2.0,80,20.149,0.0,20.149,annual_location,Approval of Manufacturing Projects Year 2020 (Kedah).xlsx,By Loc
2020,year,False,kedah_only,manufacturing,location,Padang Meha IE,Kedah,,,Padang Meha IE,2.0,40,35.237,0.0,35.237,annual_location,Approval of Manufacturing Projects Year 2020 (Kedah).xlsx,By Loc
2020,year,False,kedah_only,manufacturing,location,Padang Serai,Kedah,,,Padang Serai,3.0,51,0.45,43.3205,43.770500000000006,annual_location,Approval of Manufacturing Projects Year 2020 (Kedah).xlsx,By Loc
2020,year,False,kedah_only,manufacturing,location,Sungai Lalang (MIEL) IE,Kedah,,,Sungai Lalang (MIEL) IE,4.0,163,46.29,0.0,46.29,annual_location,Approval of Manufacturing Projects Year 2020 (Kedah).xlsx,By Loc
2020,year,False,kedah_only,manufacturing,location,Sungai Petani,Kedah,,,Sungai Petani,11.0,539,97.78,17.65,115.43,annual_location,Approval of Manufacturing Projects Year 2020 (Kedah).xlsx,By Loc
2020,year,False,kedah_only,manufacturing,location,Sungai Petani IE,Kedah,,,Sungai Petani IE,6.0,398,16.378,76.36,92.738,annual_location,Approval of Manufacturing Projects Year 2020 (Kedah).xlsx,By Loc
2020,year,False,kedah_only,manufacturing,location,Taman Kempas Light IE,Kedah,,,Taman Kempas Light IE,1.0,0,0.477,0.0,0.477,annual_location,Approval of Manufacturing Projects Year 2020 (Kedah).xlsx,By Loc
2020,year,False,kedah_only,manufacturing,location,Taman Makmur IE,Kedah,,,Taman Makmur IE,6.0,56,16.67,0.0,16.67,annual_location,Approval of Manufacturing Projects Year 2020 (Kedah).xlsx,By Loc
2020,year,False,kedah_only,manufacturing,location,Tikam Batu IE,Kedah,,,Tikam Batu IE,3.0,332,1.517,196.599,198.11599999999999,annual_location,Approval of Manufacturing Projects Year 2020 (Kedah).xlsx,By Loc
2020,year,False,kedah_only,manufacturing,state,Johor,Johor,,,,232.0,13052,2579.534452,4204.802446,6784.336898,annual_state,Approval of Manufacturing Projects Year 2020 (Kedah).xlsx,By State
2020,year,False,kedah_only,manufacturing,state,Kedah,Kedah,,,,75.0,8876,1806.56,2256.2,4062.7599999999998,annual_state,Approval of Manufacturing Projects Year 2020 (Kedah).xlsx,By State
2020,year,False,kedah_only,manufacturing,state,Kelantan,Kelantan,,,,2.0,39,43.854,0.0,43.854,annual_state,Approval of Manufacturing Projects Year 2020 (Kedah).xlsx,By State
2020,year,False,kedah_only,manufacturing,state,Melaka,Melaka,,,,41.0,1718,683.950729,1272.153433,1956.104162,annual_state,Approval of Manufacturing Projects Year 2020 (Kedah).xlsx,By State
2020,year,False,kedah_only,manufacturing,state,Negeri Sembilan,Negeri Sembilan,,,,48.0,5643,2388.328659,3790.222837,6178.551496,annual_state,Approval of Manufacturing Projects Year 2020 (Kedah).xlsx,By State
2020,year,False,kedah_only,manufacturing,state,Pahang,Pahang,,,,30.0,1930,1034.639489,3749.865891,4784.50538,annual_state,Approval of Manufacturing Projects Year 2020 (Kedah).xlsx,By State
2020,year,False,kedah_only,manufacturing,state,Perak,Perak,,,,60.0,7037,2178.360615,1148.786513,3327.147128,annual_state,Approval of Manufacturing Projects Year 2020 (Kedah).xlsx,By State
2020,year,False,kedah_only,manufacturing,state,Perlis,Perlis,,,,4.0,185,612.901,0.0,612.901,annual_state,Approval of Manufacturing Projects Year 2020 (Kedah).xlsx,By State
2020,year,False,kedah_only,manufacturing,state,Pulau Pinang,Pulau Pinang,,,,166.0,13268,3562.795021,10550.167752,14112.962773,annual_state,Approval of Manufacturing Projects Year 2020 (Kedah).xlsx,By State
2020,year,False,kedah_only,manufacturing,state,Sabah,Sabah,,,,15.0,683,11942.231709,11.479357,11953.711066,annual_state,Approval of Manufacturing Projects Year 2020 (Kedah).xlsx,By State
2020,year,False,kedah_only,manufacturing,state,Sarawak,Sarawak,,,,24.0,6225,477.924532,15252.561797,15730.486329,annual_state,Approval of Manufacturing Projects Year 2020 (Kedah).xlsx,By State
2020,year,False,kedah_only,manufacturing,state,Selangor,Selangor,,,,324.0,19950,6946.018121,11479.144002000001,18425.162123000002,annual_state,Approval of Manufacturing Projects Year 2020 (Kedah).xlsx,By State
2020,year,False,kedah_only,manufacturing,state,Terengganu,Terengganu,,,,9.0,208,94.393278,1817.026217,1911.419495,annual_state,Approval of Manufacturing Projects Year 2020 (Kedah).xlsx,By State
2020,year,False,kedah_only,manufacturing,state,W.P. - Kuala Lumpur,W.P. - Kuala Lumpur,,,,17.0,1296,258.935949,1047.522106,1306.4580549999998,annual_state,Approval of Manufacturing Projects Year 2020 (Kedah).xlsx,By State
2020,year,False,kedah_only,manufacturing,state,W.P.- Labuan,W.P.- Labuan,,,,2.0,80,70.237503,0.0,70.237503,annual_state,Approval of Manufacturing Projects Year 2020 (Kedah).xlsx,By State
2021,year,False,kedah_only,unknown,state,Australia,Australia,,,,,10,,1.7,,annual_state,"Project Approved In Kedah by State, Location, Industry & Country, For The Year 2021 (4).xlsx",Table by Country
2021,year,False,kedah_only,unknown,state,Austria,Austria,,,,,7086,,18920.0,,annual_state,"Project Approved In Kedah by State, Location, Industry & Country, For The Year 2021 (4).xlsx",Table by Country
2021,year,False,kedah_only,unknown,state,Bakar Arang IE,Bakar Arang IE,,,,,604,120.066794,75.4215,195.488294,annual_state,"Project Approved In Kedah by State, Location, Industry & Country, For The Year 2021 (4).xlsx",Table by Location
2021,year,False,kedah_only,unknown,state,Basic Metal Products,Basic Metal Products,,,,,89,31.3,0.0,31.3,annual_state,"Project Approved In Kedah by State, Location, Industry & Country, For The Year 2021 (4).xlsx",Table by Industry
2021,year,False,kedah_only,unknown,state,Bedong,Bedong,,,,,105,23.1,0.0,23.1,annual_state,"Project Approved In Kedah by State, Location, Industry & Country, For The Year 2021 (4).xlsx",Table by Location
2021,year,False,kedah_only,unknown,state,Beverage & Tobacco,Beverage & Tobacco,,,,,15,13.75,0.0,13.75,annual_state,"Project Approved In Kedah by State, Location, Industry & Country, For The Year 2021 (4).xlsx",Table by Industry
2021,year,False,kedah_only,unknown,state,Chemicals & Chemical Products,Chemicals & Chemical Products,,,,,227,50.619961,85.365513,135.985474,annual_state,"Project Approved In Kedah by State, Location, Industry & Country, For The Year 2021 (4).xlsx",Table by Industry
2021,year,False,kedah_only,unknown,state,Electrical & Electronics,Electrical & Electronics,,,,,11126,26.671625,63756.005655,63782.67728,annual_state,"Project Approved In Kedah by State, Location, Industry & Country, For The Year 2021 (4).xlsx",Table by Industry
2021,year,False,kedah_only,unknown,state,Fabricated Metal Products,Fabricated Metal Products,,,,,206,32.84985,34.731977,67.581827,annual_state,"Project Approved In Kedah by State, Location, Industry & Country, For The Year 2021 (4).xlsx",Table by Industry
2021,year,False,kedah_only,unknown,state,Food Manufacturing,Food Manufacturing,,,,,175,72.276336,0.0,72.276336,annual_state,"Project Approved In Kedah by State, Location, Industry & Country, For The Year 2021 (4).xlsx",Table by Industry
2021,year,False,kedah_only,unknown,state,Germany,Germany,,,,,130,,66.6,,annual_state,"Project Approved In Kedah by State, Location, Industry & Country, For The Year 2021 (4).xlsx",Table by Country
2021,year,False,kedah_only,unknown,state,Gurun IE,Gurun IE,,,,,9,2.0,0.0,2.0,annual_state,"Project Approved In Kedah by State, Location, Industry & Country, For The Year 2021 (4).xlsx",Table by Location
2021,year,False,kedah_only,unknown,state,"Hong Kong SAR, China","Hong Kong SAR, China",,,,,92,,12.95,,annual_state,"Project Approved In Kedah by State, Location, Industry & Country, For The Year 2021 (4).xlsx",Table by Country
2021,year,False,kedah_only,unknown,state,India,India,,,,,0,,1.111705,,annual_state,"Project Approved In Kedah by State, Location, Industry & Country, For The Year 2021 (4).xlsx",Table by Country
2021,year,False,kedah_only,unknown,state,Japan,Japan,,,,,589,,2958.0,,annual_state,"Project Approved In Kedah by State, Location, Industry & Country, For The Year 2021 (4).xlsx",Table by Country
2021,year,False,kedah_only,unknown,state,Jeniang IE,Jeniang IE,,,,,12,3.990131,0.0,3.990131,annual_state,"Project Approved In Kedah by State, Location, Industry & Country, For The Year 2021 (4).xlsx",Table by Location
2021,year,False,kedah_only,unknown,state,Jitra,Jitra,,,,,15,6.683748,0.0,6.683748,annual_state,"Project Approved In Kedah by State, Location, Industry & Country, For The Year 2021 (4).xlsx",Table by Location
2021,year,False,kedah_only,unknown,state,Johor,Johor,,,,,10288,3105.521303,3847.7199459999997,6953.241249,annual_state,"Project Approved In Kedah by State, Location, Industry & Country, For The Year 2021 (4).xlsx",Table by State
2021,year,False,kedah_only,unknown,state,Kedah,Kedah,,,,,12733,385.889643,65833.424412,66219.314055,annual_state,"Project Approved In Kedah by State, Location, Industry & Country, For The Year 2021 (4).xlsx",Table by State
2021,year,False,kedah_only,unknown,state,Kelantan,Kelantan,,,,,118,90.745992,0.0,90.745992,annual_state,"Project Approved In Kedah by State, Location, Industry & Country, For The Year 2021 (4).xlsx",Table by State
2021,year,False,kedah_only,unknown,state,Kuala Ketil IE,Kuala Ketil IE,,,,,10,0.0,1.7,1.7,annual_state,"Project Approved In Kedah by State, Location, Industry & Country, For The Year 2021 (4).xlsx",Table by Location
2021,year,False,kedah_only,unknown,state,Kuala Muda,Kuala Muda,,,,,53,36.488073,8.064219,44.552292,annual_state,"Project Approved In Kedah by State, Location, Industry & Country, For The Year 2021 (4).xlsx",Table by Location
2021,year,False,kedah_only,unknown,state,Kulim,Kulim,,,,,6127,25.14,0.0,25.14,annual_state,"Project Approved In Kedah by State, Location, Industry & Country, For The Year 2021 (4).xlsx",Table by Location
2021,year,False,kedah_only,unknown,state,Kulim High Tech Ind. Park,Kulim High Tech Ind. Park,,,,,5163,0.0,65627.02,65627.02,annual_state,"Project Approved In Kedah by State, Location, Industry & Country, For The Year 2021 (4).xlsx",Table by Location
2021,year,False,kedah_only,unknown,state,Kulim IE,Kulim IE,,,,,115,43.220647,8.724375,51.945022,annual_state,"Project Approved In Kedah by State, Location, Industry & Country, For The Year 2021 (4).xlsx",Table by Location
2021,year,False,kedah_only,unknown,state,Langkawi,Langkawi,,,,,15,13.75,0.0,13.75,annual_state,"Project Approved In Kedah by State, Location, Industry & Country, For The Year 2021 (4).xlsx",Table by Location
2021,year,False,kedah_only,unknown,state,Lunas,Lunas,,,,,60,13.701735,0.448171,14.149906,annual_state,"Project Approved In Kedah by State, Location, Industry & Country, For The Year 2021 (4).xlsx",Table by Location
2021,year,False,kedah_only,unknown,state,Machinery & Equipment,Machinery & Equipment,,,,,27,2.995,8.173096,11.168095999999998,annual_state,"Project Approved In Kedah by State, Location, Industry & Country, For The Year 2021 (4).xlsx",Table by Industry
2021,year,False,kedah_only,unknown,state,Melaka,Melaka,,,,,2994,367.44459,3554.5924649999997,3922.037055,annual_state,"Project Approved In Kedah by State, Location, Industry & Country, For The Year 2021 (4).xlsx",Table by State
2021,year,False,kedah_only,unknown,state,Miscellaneous,Miscellaneous,,,,,0,0.0,0.448171,0.448171,annual_state,"Project Approved In Kedah by State, Location, Industry & Country, For The Year 2021 (4).xlsx",Table by Industry
2021,year,False,kedah_only,unknown,state,Negeri Sembilan,Negeri Sembilan,,,,,3366,527.792605,2373.367855,2901.16046,annual_state,"Project Approved In Kedah by State, Location, Industry & Country, For The Year 2021 (4).xlsx",Table by State
2021,year,False,kedah_only,unknown,state,Others,Others,,,,,3,,1.5,,annual_state,"Project Approved In Kedah by State, Location, Industry & Country, For The Year 2021 (4).xlsx",Table by Country
2021,year,False,kedah_only,unknown,state,Padang Meha IE,Padang Meha IE,,,,,80,29.3,0.0,29.3,annual_state,"Project Approved In Kedah by State, Location, Industry & Country, For The Year 2021 (4).xlsx",Table by Location
2021,year,False,kedah_only,unknown,state,Pahang,Pahang,,,,,4409,239.672945,10250.680923,10490.353868,annual_state,"Project Approved In Kedah by State, Location, Industry & Country, For The Year 2021 (4).xlsx",Table by State
2021,year,False,kedah_only,unknown,state,"Paper,Printing & Publishing","Paper,Printing & Publishing",,,,,0,0.114229,0.0,0.114229,annual_state,"Project Approved In Kedah by State, Location, Industry & Country, For The Year 2021 (4).xlsx",Table by Industry
2021,year,False,kedah_only,unknown,state,Perak,Perak,,,,,6038,1996.508325,4084.7846230000005,6081.292948,annual_state,"Project Approved In Kedah by State, Location, Industry & Country, For The Year 2021 (4).xlsx",Table by State
2021,year,False,kedah_only,unknown,state,Perlis,Perlis,,,,,46,12.28,0.0,12.28,annual_state,"Project Approved In Kedah by State, Location, Industry & Country, For The Year 2021 (4).xlsx",Table by State
2021,year,False,kedah_only,unknown,state,Plastic Products,Plastic Products,,,,,48,17.046018,0.0,17.046018,annual_state,"Project Approved In Kedah by State, Location, Industry & Country, For The Year 2021 (4).xlsx",Table by Industry
2021,year,False,kedah_only,unknown,state,Pulau Pinang,Pulau Pinang,,,,,12024,1784.566814,74439.116721,76223.683535,annual_state,"Project Approved In Kedah by State, Location, Industry & Country, For The Year 2021 (4).xlsx",Table by State
2021,year,False,kedah_only,unknown,state,Rubber Products,Rubber Products,,,,,413,117.417189,1.7000000000000028,119.117189,annual_state,"Project Approved In Kedah by State, Location, Industry & Country, For The Year 2021 (4).xlsx",Table by Industry
2021,year,False,kedah_only,unknown,state,Sabah,Sabah,,,,,1391,481.952913,4379.46822,4861.421133,annual_state,"Project Approved In Kedah by State, Location, Industry & Country, For The Year 2021 (4).xlsx",Table by State
2021,year,False,kedah_only,unknown,state,Sarawak,Sarawak,,,,,2235,49.88779,5618.044649,5667.932439,annual_state,"Project Approved In Kedah by State, Location, Industry & Country, For The Year 2021 (4).xlsx",Table by State
2021,year,False,kedah_only,unknown,state,Scientific & Measuring Equipment,Scientific & Measuring Equipment,,,,,278,0.0,1947.0,1947.0,annual_state,"Project Approved In Kedah by State, Location, Industry & Country, For The Year 2021 (4).xlsx",Table by Industry
2021,year,False,kedah_only,unknown,state,Selangor,Selangor,,,,,14393,6052.770679,1458.2731880000001,7511.043867,annual_state,"Project Approved In Kedah by State, Location, Industry & Country, For The Year 2021 (4).xlsx",Table by State
2021,year,False,kedah_only,unknown,state,Singapore,Singapore,,,,,3679,,43842.0,,annual_state,"Project Approved In Kedah by State, Location, Industry & Country, For The Year 2021 (4).xlsx",Table by Country
2021,year,False,kedah_only,unknown,state,Sungai Lalang (MIEL) IE,Sungai Lalang (MIEL) IE,,,,,0,6.94,0.0,6.94,annual_state,"Project Approved In Kedah by State, Location, Industry & Country, For The Year 2021 (4).xlsx",Table by Location
2021,year,False,kedah_only,unknown,state,Sungai Petani,Sungai Petani,,,,,153,13.875405,81.616504,95.491909,annual_state,"Project Approved In Kedah by State, Location, Industry & Country, For The Year 2021 (4).xlsx",Table by Location
2021,year,False,kedah_only,unknown,state,Sungai Petani IE,Sungai Petani IE,,,,,164,30.591389999999997,30.416767,61.008157,annual_state,"Project Approved In Kedah by State, Location, Industry & Country, For The Year 2021 (4).xlsx",Table by Location
2021,year,False,kedah_only,unknown,state,Taipei,Taipei,,,,,31,,8.06,,annual_state,"Project Approved In Kedah by State, Location, Industry & Country, For The Year 2021 (4).xlsx",Table by Country
2021,year,False,kedah_only,unknown,state,Taman Makmur IE,Taman Makmur IE,,,,,48,17.046018,0.0,17.046018,annual_state,"Project Approved In Kedah by State, Location, Industry & Country, For The Year 2021 (4).xlsx",Table by Location
2021,year,False,kedah_only,unknown,state,Terengganu,Terengganu,,,,,3701,84.011394,3747.419311,3831.430705,annual_state,"Project Approved In Kedah by State, Location, Industry & Country, For The Year 2021 (4).xlsx",Table by State
2021,year,False,kedah_only,unknown,state,The People’s Republic of China,The People’s Republic of China,,,,,92,,16.3,,annual_state,"Project Approved In Kedah by State, Location, Industry & Country, For The Year 2021 (4).xlsx",Table by Country
2021,year,False,kedah_only,unknown,state,Transport Equipment,Transport Equipment,,,,,129,20.849435,0.0,20.849435,annual_state,"Project Approved In Kedah by State, Location, Industry & Country, For The Year 2021 (4).xlsx",Table by Industry
2021,year,False,kedah_only,unknown,state,USA,USA,,,,,78,,5.2,,annual_state,"Project Approved In Kedah by State, Location, Industry & Country, For The Year 2021 (4).xlsx",Table by Country
2021,year,False,kedah_only,unknown,state,W.P. Kuala Lumpur,W.P. Kuala Lumpur,,,,,756,274.063125,4.2976170000000025,278.360742,annual_state,"Project Approved In Kedah by State, Location, Industry & Country, For The Year 2021 (4).xlsx",Table by State
2021,year,False,kedah_only,unknown,state,W.P. Labuan,W.P. Labuan,,,,,83,36.196126,7.403874000000002,43.6,annual_state,"Project Approved In Kedah by State, Location, Industry & Country, For The Year 2021 (4).xlsx",Table by State
2023,year,False,kedah_only,manufacturing,country,France,Kedah,,France,,,239,,197148000.0,,annual_country,Approved Investment In Kedah 2023 (4).xlsx,By Country (Manufacturing)
2023,year,False,kedah_only,manufacturing,country,France,Kedah,,France,,,32,,7257846.0,,annual_country,Approved Investment In Kedah 2023 (4).xlsx,By Country (Manufacturing)
2023,year,False,kedah_only,manufacturing,country,France,Kedah,,France,,,0,,1472013.0,,annual_country,Approved Investment In Kedah 2023 (4).xlsx,By Country (Manufacturing)
2023,year,False,kedah_only,manufacturing,country,Germany,Kedah,,Germany,,,751,,1255313817.0,,annual_country,Approved Investment In Kedah 2023 (4).xlsx,By Country (Manufacturing)
2023,year,False,kedah_only,manufacturing,country,"Hong Kong SAR, China",Kedah,,"Hong Kong SAR, China",,,100,,77153003.0,,annual_country,Approved Investment In Kedah 2023 (4).xlsx,By Country (Manufacturing)
2023,year,False,kedah_only,manufacturing,country,"Hong Kong SAR, China",Kedah,,"Hong Kong SAR, China",,,79,,35000000.0,,annual_country,Approved Investment In Kedah 2023 (4).xlsx,By Country (Manufacturing)
2023,year,False,kedah_only,manufacturing,country,"Hong Kong SAR, China",Kedah,,"Hong Kong SAR, China",,,80,,21520000.0,,annual_country,Approved Investment In Kedah 2023 (4).xlsx,By Country (Manufacturing)
2023,year,False,kedah_only,manufacturing,country,"Hong Kong SAR, China",Kedah,,"Hong Kong SAR, China",,,75,,16865886.0,,annual_country,Approved Investment In Kedah 2023 (4).xlsx,By Country (Manufacturing)
2023,year,False,kedah_only,manufacturing,country,"Hong Kong SAR, China",Kedah,,"Hong Kong SAR, China",,,50,,16639719.0,,annual_country,Approved Investment In Kedah 2023 (4).xlsx,By Country (Manufacturing)
2023,year,False,kedah_only,manufacturing,country,"Hong Kong SAR, China",Kedah,,"Hong Kong SAR, China",,,31,,15450000.0,,annual_country,Approved Investment In Kedah 2023 (4).xlsx,By Country (Manufacturing)
2023,year,False,kedah_only,manufacturing,country,"Hong Kong SAR, China",Kedah,,"Hong Kong SAR, China",,,75,,11605000.0,,annual_country,Approved Investment In Kedah 2023 (4).xlsx,By Country (Manufacturing)
2023,year,False,kedah_only,manufacturing,country,India,Kedah,,India,,,25,,5964539.0,,annual_country,Approved Investment In Kedah 2023 (4).xlsx,By Country (Manufacturing)
2023,year,False,kedah_only,manufacturing,country,India,Kedah,,India,,,0,,0.0,,annual_country,Approved Investment In Kedah 2023 (4).xlsx,By Country (Manufacturing)
2023,year,False,kedah_only,manufacturing,country,Japan,Kedah,,Japan,,,880,,6454039000.0,,annual_country,Approved Investment In Kedah 2023 (4).xlsx,By Country (Manufacturing)
2023,year,False,kedah_only,manufacturing,country,Japan,Kedah,,Japan,,,180,,912800000.0,,annual_country,Approved Investment In Kedah 2023 (4).xlsx,By Country (Manufacturing)
2023,year,False,kedah_only,manufacturing,country,Japan,Kedah,,Japan,,,15,,14823035.0,,annual_country,Approved Investment In Kedah 2023 (4).xlsx,By Country (Manufacturing)
2023,year,False,kedah_only,manufacturing,country,Singapore,Kedah,,Singapore,,,75,,291048165.0,,annual_country,Approved Investment In Kedah 2023 (4).xlsx,By Country (Manufacturing)
2023,year,False,kedah_only,manufacturing,country,Singapore,Kedah,,Singapore,,,271,,122873500.0,,annual_country,Approved Investment In Kedah 2023 (4).xlsx,By Country (Manufacturing)
2023,year,False,kedah_only,manufacturing,country,Singapore,Kedah,,Singapore,,,80,,26628000.0,,annual_country,Approved Investment In Kedah 2023 (4).xlsx,By Country (Manufacturing)
2023,year,False,kedah_only,manufacturing,country,Singapore,Kedah,,Singapore,,,0,,0.0,,annual_country,Approved Investment In Kedah 2023 (4).xlsx,By Country (Manufacturing)
2023,year,False,kedah_only,manufacturing,country,Singapore,Kedah,,Singapore,,,0,,0.0,,annual_country,Approved Investment In Kedah 2023 (4).xlsx,By Country (Manufacturing)
2023,year,False,kedah_only,manufacturing,country,Taipei,Kedah,,Taipei,,,49,,6539459.0,,annual_country,Approved Investment In Kedah 2023 (4).xlsx,By Country (Manufacturing)
2023,year,False,kedah_only,manufacturing,country,Taipei,Kedah,,Taipei,,,23,,6450000.0,,annual_country,Approved Investment In Kedah 2023 (4).xlsx,By Country (Manufacturing)
2023,year,False,kedah_only,manufacturing,country,The Netherlands,Kedah,,The Netherlands,,,290,,61281132.0,,annual_country,Approved Investment In Kedah 2023 (4).xlsx,By Country (Manufacturing)
2023,year,False,kedah_only,manufacturing,country,The People’s Republic of China,Kedah,,The People’s Republic of China,,,643,,4164906000.0,,annual_country,Approved Investment In Kedah 2023 (4).xlsx,By Country (Manufacturing)
2023,year,False,kedah_only,manufacturing,country,The People’s Republic of China,Kedah,,The People’s Republic of China,,,0,,518000000.0,,annual_country,Approved Investment In Kedah 2023 (4).xlsx,By Country (Manufacturing)
2023,year,False,kedah_only,manufacturing,country,The People’s Republic of China,Kedah,,The People’s Republic of China,,,79,,35000000.0,,annual_country,Approved Investment In Kedah 2023 (4).xlsx,By Country (Manufacturing)
2023,year,False,kedah_only,manufacturing,country,The People’s Republic of China,Kedah,,The People’s Republic of China,,,32,,29031375.0,,annual_country,Approved Investment In Kedah 2023 (4).xlsx,By Country (Manufacturing)
2023,year,False,kedah_only,manufacturing,country,The People’s Republic of China,Kedah,,The People’s Republic of China,,,0,,0.0,,annual_country,Approved Investment In Kedah 2023 (4).xlsx,By Country (Manufacturing)
2023,year,False,kedah_only,manufacturing,country,USA,Kedah,,USA,,,1349,,7447800000.0,,annual_country,Approved Investment In Kedah 2023 (4).xlsx,By Country (Manufacturing)
2023,year,False,kedah_only,manufacturing,country,USA,Kedah,,USA,,,697,,1328000000.0,,annual_country,Approved Investment In Kedah 2023 (4).xlsx,By Country (Manufacturing)
2023,year,False,kedah_only,manufacturing,country,USA,Kedah,,USA,,,1896,,950528000.0,,annual_country,Approved Investment In Kedah 2023 (4).xlsx,By Country (Manufacturing)
2023,year,False,kedah_only,manufacturing,country,United Arab Emirates,Kedah,,United Arab Emirates,,,148,,19010070.0,,annual_country,Approved Investment In Kedah 2023 (4).xlsx,By Country (Manufacturing)
2023,year,False,kedah_only,services,country,Australia,Kedah,,Australia,,,0,,407284.0,,annual_country,Approved Investment In Kedah 2023 (4).xlsx,By Country (Services))
2023,year,False,kedah_only,services,country,Germany,Kedah,,Germany,,,0,,22730816.0,,annual_country,Approved Investment In Kedah 2023 (4).xlsx,By Country (Services))
2023,year,False,kedah_only,services,country,Thailand,Kedah,,Thailand,,,0,,486598.0,,annual_country,Approved Investment In Kedah 2023 (4).xlsx,By Country (Services))
2023,year,False,kedah_only,services,country,The People’s Republic of China,Kedah,,The People’s Republic of China,,,0,,523737.0,,annual_country,Approved Investment In Kedah 2023 (4).xlsx,By Country (Services))
2025,year,False,kedah_only,unknown,industry,Electrical & Electronics,Kedah,Electrical & Electronics,,,,738,29333000.0,695694862.0,725027862.0,annual_industry,"(KEDAH) APPROVED  PROJECTS UNDER MIDA's PURVIEW, APRIL-JUNE 2025.xlsx",Industry
2025,year,False,kedah_only,unknown,industry,Fabricated Metal Products,Kedah,Fabricated Metal Products,,,,80,11910636.5,29992341.8,41902978.3,annual_industry,"(KEDAH) APPROVED  PROJECTS UNDER MIDA's PURVIEW, APRIL-JUNE 2025.xlsx",Industry
2025,year,False,kedah_only,unknown,industry,Food Manufacturing,Kedah,Food Manufacturing,,,,215,41807863.33,0.0,41807863.33,annual_industry,"(KEDAH) APPROVED  PROJECTS UNDER MIDA's PURVIEW, APRIL-JUNE 2025.xlsx",Industry
2025,year,False,kedah_only,unknown,industry,Machinery & Equipment,Kedah,Machinery & Equipment,,,,69,36215000.0,0.0,36215000.0,annual_industry,"(KEDAH) APPROVED  PROJECTS UNDER MIDA's PURVIEW, APRIL-JUNE 2025.xlsx",Industry
2025,year,False,kedah_only,unknown,industry,Manufacturing,Kedah,Manufacturing,,,,2502,145574837.82999998,3919696203.8,4065271041.63,annual_industry,"(KEDAH) APPROVED  PROJECTS UNDER MIDA's PURVIEW, APRIL-JUNE 2025.xlsx",Industry
2025,year,False,kedah_only,unknown,industry,"Paper, Printing & Publishing",Kedah,"Paper, Printing & Publishing",,,,124,0.0,47300000.0,47300000.0,annual_industry,"(KEDAH) APPROVED  PROJECTS UNDER MIDA's PURVIEW, APRIL-JUNE 2025.xlsx",Industry
2025,year,False,kedah_only,unknown,industry,Plastic Products,Kedah,Plastic Products,,,,900,0.0,2562888000.0,2562888000.0,annual_industry,"(KEDAH) APPROVED  PROJECTS UNDER MIDA's PURVIEW, APRIL-JUNE 2025.xlsx",Industry
2025,year,False,kedah_only,unknown,industry,Services,Kedah,Services,,,,19,203528509.6882,95865010.1318,299393519.82,annual_industry,"(KEDAH) APPROVED  PROJECTS UNDER MIDA's PURVIEW, APRIL-JUNE 2025.xlsx",Industry
2025,year,False,kedah_only,unknown,industry,Support Services,Kedah,Support Services,,,,19,203528509.6882,95865010.1318,299393519.82,annual_industry,"(KEDAH) APPROVED  PROJECTS UNDER MIDA's PURVIEW, APRIL-JUNE 2025.xlsx",Industry
2025,year,False,kedah_only,unknown,industry,Textiles & Textile Products,Kedah,Textiles & Textile Products,,,,30,5438338.0,0.0,5438338.0,annual_industry,"(KEDAH) APPROVED  PROJECTS UNDER MIDA's PURVIEW, APRIL-JUNE 2025.xlsx",Industry
2025,year,False,kedah_only,unknown,industry,Transport Equipment,Kedah,Transport Equipment,,,,346,20870000.0,583821000.0,604691000.0,annual_industry,"(KEDAH) APPROVED  PROJECTS UNDER MIDA's PURVIEW, APRIL-JUNE 2025.xlsx",Industry
2025,year,False,kedah_only,unknown,location,Alor Star,Kedah,,,Alor Star,,14,8239600.0,0.0,8239600.0,annual_location,"(KEDAH) APPROVED  PROJECTS UNDER MIDA's PURVIEW, APRIL-JUNE 2025.xlsx",Location
2025,year,False,kedah_only,unknown,location,Bakar Arang IE,Kedah,,,Bakar Arang IE,,82,29333000.0,17600000.0,46933000.0,annual_location,"(KEDAH) APPROVED  PROJECTS UNDER MIDA's PURVIEW, APRIL-JUNE 2025.xlsx",Location
2025,year,False,kedah_only,unknown,location,Gurun,Kedah,,,Gurun,,163,128458056.92819999,95865010.1318,224323067.06,annual_location,"(KEDAH) APPROVED  PROJECTS UNDER MIDA's PURVIEW, APRIL-JUNE 2025.xlsx",Location
2025,year,False,kedah_only,unknown,location,Gurun IE,Kedah,,,Gurun IE,,0,0.0,0.0,0.0,annual_location,"(KEDAH) APPROVED  PROJECTS UNDER MIDA's PURVIEW, APRIL-JUNE 2025.xlsx",Location
2025,year,False,kedah_only,unknown,location,Kuala Ketil,Kedah,,,Kuala Ketil,,5,101092467.0,0.0,101092467.0,annual_location,"(KEDAH) APPROVED  PROJECTS UNDER MIDA's PURVIEW, APRIL-JUNE 2025.xlsx",Location
2025,year,False,kedah_only,unknown,location,Kulim,Kedah,,,Kulim,,1232,13000000.0,3146709000.0,3159709000.0,annual_location,"(KEDAH) APPROVED  PROJECTS UNDER MIDA's PURVIEW, APRIL-JUNE 2025.xlsx",Location
2025,year,False,kedah_only,unknown,location,Kulim High Tech Ind. Park,Kedah,,,Kulim High Tech Ind. Park,,516,0.0,190166900.0,190166900.0,annual_location,"(KEDAH) APPROVED  PROJECTS UNDER MIDA's PURVIEW, APRIL-JUNE 2025.xlsx",Location
2025,year,False,kedah_only,unknown,location,Lunas,Kedah,,,Lunas,,65,0.0,16500000.0,16500000.0,annual_location,"(KEDAH) APPROVED  PROJECTS UNDER MIDA's PURVIEW, APRIL-JUNE 2025.xlsx",Location
2025,year,False,kedah_only,unknown,location,Mergong II IE,Kedah,,,Mergong II IE,,66,13127674.09,0.0,13127674.09,annual_location,"(KEDAH) APPROVED  PROJECTS UNDER MIDA's PURVIEW, APRIL-JUNE 2025.xlsx",Location
2025,year,False,kedah_only,unknown,location,Other Areas,Kedah,,,Other Areas,,0,310000.0,0.0,310000.0,annual_location,"(KEDAH) APPROVED  PROJECTS UNDER MIDA's PURVIEW, APRIL-JUNE 2025.xlsx",Location
2025,year,False,kedah_only,unknown,location,Padang Meha IE,Kedah,,,Padang Meha IE,,140,0.0,487927962.0,487927962.0,annual_location,"(KEDAH) APPROVED  PROJECTS UNDER MIDA's PURVIEW, APRIL-JUNE 2025.xlsx",Location
2025,year,False,kedah_only,unknown,location,Pendang,Kedah,,,Pendang,,0,1978575.0,0.0,1978575.0,annual_location,"(KEDAH) APPROVED  PROJECTS UNDER MIDA's PURVIEW, APRIL-JUNE 2025.xlsx",Location
2025,year,False,kedah_only,unknown,location,Sungai Lalang (MIEL) IE,Kedah,,,Sungai Lalang (MIEL) IE,,28,8958114.0,0.0,8958114.0,annual_location,"(KEDAH) APPROVED  PROJECTS UNDER MIDA's PURVIEW, APRIL-JUNE 2025.xlsx",Location
2025,year,False,kedah_only,unknown,location,Sungai Petani,Kedah,,,Sungai Petani,,51,33039318.2,13492341.8,46531660.0,annual_location,"(KEDAH) APPROVED  PROJECTS UNDER MIDA's PURVIEW, APRIL-JUNE 2025.xlsx",Location
2025,year,False,kedah_only,unknown,location,Taman Makmur IE,Kedah,,,Taman Makmur IE,,30,5438338.0,0.0,5438338.0,annual_location,"(KEDAH) APPROVED  PROJECTS UNDER MIDA's PURVIEW, APRIL-JUNE 2025.xlsx",Location
2025,year,False,kedah_only,unknown,location,Taman Ria Jaya Light IE,Kedah,,,Taman Ria Jaya Light IE,,5,6128204.3,0.0,6128204.3,annual_location,"(KEDAH) APPROVED  PROJECTS UNDER MIDA's PURVIEW, APRIL-JUNE 2025.xlsx",Location
2025,year,False,kedah_only,unknown,location,Tikam Batu IE,Kedah,,,Tikam Batu IE,,124,0.0,47300000.0,47300000.0,annual_location,"(KEDAH) APPROVED  PROJECTS UNDER MIDA's PURVIEW, APRIL-JUNE 2025.xlsx",Location
2025,year,False,kedah_only,unknown,state,Johor,Johor,,,,,3744,13839955230.074347,6894923000.375651,20734878230.44999,annual_state,"(KEDAH) APPROVED  PROJECTS UNDER MIDA's PURVIEW, APRIL-JUNE 2025.xlsx",State
2025,year,False,kedah_only,unknown,state,Kedah,Kedah,,,,,2521,349103347.5182,4015561213.9318004,4364664561.45,annual_state,"(KEDAH) APPROVED  PROJECTS UNDER MIDA's PURVIEW, APRIL-JUNE 2025.xlsx",State
2025,year,False,kedah_only,unknown,state,Kelantan,Kelantan,,,,,82,170885276.0,0.0,170885276.0,annual_state,"(KEDAH) APPROVED  PROJECTS UNDER MIDA's PURVIEW, APRIL-JUNE 2025.xlsx",State
2025,year,False,kedah_only,unknown,state,Melaka,Melaka,,,,,549,334018208.07,16920313.130000003,350938521.2,annual_state,"(KEDAH) APPROVED  PROJECTS UNDER MIDA's PURVIEW, APRIL-JUNE 2025.xlsx",State
2025,year,False,kedah_only,unknown,state,Negeri Sembilan,Negeri Sembilan,,,,,566,441944544.26,2276380118.0,2718324662.26,annual_state,"(KEDAH) APPROVED  PROJECTS UNDER MIDA's PURVIEW, APRIL-JUNE 2025.xlsx",State
2025,year,False,kedah_only,unknown,state,Pahang,Pahang,,,,,247,36405517.91000002,355753274.4,392158792.3099999,annual_state,"(KEDAH) APPROVED  PROJECTS UNDER MIDA's PURVIEW, APRIL-JUNE 2025.xlsx",State
2025,year,False,kedah_only,unknown,state,Perak,Perak,,,,,4339,3022873076.9599996,518945504.5400001,3541818581.4999995,annual_state,"(KEDAH) APPROVED  PROJECTS UNDER MIDA's PURVIEW, APRIL-JUNE 2025.xlsx",State
2025,year,False,kedah_only,unknown,state,Pulau Pinang,Pulau Pinang,,,,,6542,1345166074.4694,4460775007.8006,5805941082.27,annual_state,"(KEDAH) APPROVED  PROJECTS UNDER MIDA's PURVIEW, APRIL-JUNE 2025.xlsx",State
2025,year,False,kedah_only,unknown,state,Sabah,Sabah,,,,,323,158836730.12,12354093.88,171190824.0,annual_state,"(KEDAH) APPROVED  PROJECTS UNDER MIDA's PURVIEW, APRIL-JUNE 2025.xlsx",State
2025,year,False,kedah_only,unknown,state,Sarawak,Sarawak,,,,,265,190656979.0,0.0,190656979.0,annual_state,"(KEDAH) APPROVED  PROJECTS UNDER MIDA's PURVIEW, APRIL-JUNE 2025.xlsx",State
2025,year,False,kedah_only,unknown,state,Selangor,Selangor,,,,,7756,1134400235.932333,3888734087.181,5023134323.113333,annual_state,"(KEDAH) APPROVED  PROJECTS UNDER MIDA's PURVIEW, APRIL-JUNE 2025.xlsx",State
2025,year,False,kedah_only,unknown,state,Terengganu,Terengganu,,,,,1995,230927520.0,5762428500.0,5993356020.0,annual_state,"(KEDAH) APPROVED  PROJECTS UNDER MIDA's PURVIEW, APRIL-JUNE 2025.xlsx",State
2025,year,False,kedah_only,unknown,state,Wilayah Persekutuan Kuala Lumpur,Wilayah Persekutuan Kuala Lumpur,,,,,50,6842121.0,13021501.09,19863622.090000004,annual_state,"(KEDAH) APPROVED  PROJECTS UNDER MIDA's PURVIEW, APRIL-JUNE 2025.xlsx",State
2025,year,False,kedah_only,unknown,state,Wilayah Persekutuan Labuan,Wilayah Persekutuan Labuan,,,,,181,27123637.0,0.0,27123637.0,annual_state,"(KEDAH) APPROVED  PROJECTS UNDER MIDA's PURVIEW, APRIL-JUNE 2025.xlsx",State
2025,year,False,kedah_only,unknown,state,Wilayah Persekutuan Putrajaya,Wilayah Persekutuan Putrajaya,,,,,0,550000.0,0.0,550000.0,annual_state,"(KEDAH) APPROVED  PROJECTS UNDER MIDA's PURVIEW, APRIL-JUNE 2025.xlsx",State
